Workbook
Name 宿泊設定: IF('[1]2.【入力】希望調整表'!A1048472="入所",1,IF('[1]2.【入力】希望調整表'!XFD1048472="退所",'[1]2.【入力】希望調整表'!XFD1-1,'[1]2.【入力】希望調整表'!XFD1))
Name 前日空欄採番: IF(OR(宿泊欄自動割当!A1048547=退所日,宿泊欄自動割当!A1048536=""),(COUNTIF(宿泊欄自動割当!A$23:A1048547,退所日)+COUNTIF(宿泊欄自動割当!A$12:A1048536,""))+100,0)
Name 退所日: 【設定】基本情報!$A$22
Name 通いの日: 【設定】基本情報!$A$23
Name 当日の宿泊状況獲得: IFERROR(INDEX(【入力・帳票】ベッド表!XDY$83:XDY$111,MATCH(宿泊欄自動割当!XDX1048545,【入力・帳票】ベッド表!$B$83:$B$111,0)),0)
Name 当日入所インデックス作成: IF(宿泊欄自動割当!AH1=入所日,COUNTIF(宿泊欄自動割当!AH$33:AH1,入所日)+100,-1)
Name 日ごとの泊りIDX作成: IFERROR(INDEX(【入力】調整表!$D$288:$AI$319,MATCH(【入力・帳票】ベッド表!$B1,【入力】調整表!$B$288:$B$319,0),【入力・帳票】ベッド表!A$49),0)
Name 入所日: 【設定】基本情報!$A$20
Name 入所日の行割り当て: IF(宿泊欄自動割当!A1048567>0,MATCH(宿泊欄自動割当!A1048567,宿泊欄自動割当!XFD$53:XFD$61,0),宿泊欄自動割当!A1048567)
Name 泊り状況テーブル作成: IFERROR(INDEX(【入力】調整表!$E$113:$AI$176,【入力・帳票】ベッド表!$C1,【入力・帳票】ベッド表!A$49-1),0)
Name 訪問希望の値: IFERROR(INDEX('[1]2.【入力】希望調整表'!$D$111:$AH$206,'[1]5.【入力】訪問調整'!$B1,COLUMN()-2),-1)
Name 訪問設定最小値: 【設定】基本情報!$A$24
Name 訪問設定最大値: 【設定】基本情報!$A$25
Name 訪問送迎の値: IFERROR(INDEX('[1]4.【入力】通い調整'!$B$113:$AF$144,'[1]5.【入力】訪問調整'!$AJ1,COLUMN()-2),-1)
Name 翌日の宿泊状況獲得: IFERROR(INDEX(【入力・帳票】ベッド表!XDZ$83:XDZ$111,MATCH(宿泊欄自動割当!XDX1048555,【入力・帳票】ベッド表!$B$83:$B$111,0)),0)
Name 翌日退所確認: IF(INDEX(宿泊欄自動割当!AH$23:AH$31,MATCH(宿泊欄自動割当!A1048566,宿泊欄自動割当!A$1:A$9,0))=退所日,退所日,-1)
Name 来ない日: 【設定】基本情報!$A$19
Name 略名選択範囲: OFFSET('[1]0.【登録】利用者台帳'!$B$2,,,COUNTA('[1]0.【登録】利用者台帳'!$B$2:$B$33,1))
Name 略名選択範囲: OFFSET(【入力】利用者台帳!$B$3,,,COUNTA(【入力】利用者台帳!$B$3:$B$34),1)
Name 連泊日: 【設定】基本情報!$A$21

Sheet 【設定】基本情報
A1: 事業所名 | B1: 小規模多機能ホーム方南
A2: 対象年 | B2: 2025
A3: 対象月 | B3: 12
A4: 月の日数 | B4: =【帳票】予定希望票!$AX$2 -> 31
A5: 通い定員 | B5: 18
A6: 泊り定員 | B6: 9
A9: 要介護度 | B9: 訪問件数計算用（介護以上フラグ値）
A10: 要介護1 | B10: 1
A11: 要介護2 | B11: 1
A12: 要介護3 | B12: 1
A13: 要介護4 | B13: 1
A14: 要介護5 | B14: 1
A15: 要支援1 | B15: 0
A16: 要支援2 | B16: 0
A18: 定数値 | B18: 定数名（名前定義してます） | C18: 日報データ表示 | D18: 日報・訪問送迎内容表示の初期値 | E18: 送迎訪問 回数ﾃﾞﾌｫ
A19: 0 | B19: 来ない日 | E19: 0
A20: 11 | B20: 入所日 | C20: 入所 | D20: 朝 送り出し | E20: 1
A21: 12 | B21: 連泊日 | C21: 泊り | D21: ="" | E21: 0
A22: 13 | B22: 退所日 | C22: 退所 | D22: 夕 迎え入れ | E22: 1
A23: 14 | B23: 通いの日 | C23: 通い | D23: 朝 送り出し／夕 迎え入れ | E23: 2
A24: 1 | B24: 訪問設定最小値
A25: 10 | B25: 訪問設定最大値

Sheet 【入力】利用者台帳
A2: 0 | B2: 略名 | C2: 氏名 | D2: 介護度 | E2: 送迎 訪問 | F2: 固定申し送り事項 （氏名欄）
A3: =A2+1 -> 1 | B3: 青砥 | C3: 青砥 美秋
A4: =A3+1 -> 2 | B4: 安藤 | C4: 安藤 敏子 | D4: 要介護5 | E4: ✓
A5: =A4+1 -> 3 | B5: 石井 | C5: 石井 さち子 | D5: 要介護3
A6: =A5+1 -> 4 | B6: 石橋 | C6: 石橋 冨士代 | D6: 要介護1
A7: =A6+1 -> 5 | B7: 伊シ | C7: 伊藤 シゲ | D7: 要介護3 | E7: ✓
A8: =A7+1 -> 6 | B8: 伊ミ | C8: 伊藤 ミツ | D8: 要介護3 | E8: ✓
A9: =A8+1 -> 7 | B9: 岩永 | C9: 岩永 里子 | D9: 要介護3 | E9: ✓
A10: =A9+1 -> 8 | B10: 川原 | C10: 川原 克子 | D10: 要介護4
A11: =A10+1 -> 9 | B11: 工藤 | C11: 工藤 信代 | D11: 要介護2
A12: =A11+1 -> 10 | B12: 坂本 | C12: 坂本 みつ子 | D12: 要介護1
A13: =A12+1 -> 11 | B13: 佐々 | C13: 佐々木敦子 | D13: 要介護4 | E13: ✓
A14: =A13+1 -> 12 | B14: 澤井 | C14: 澤井 節子 | D14: 要介護1
A15: =A14+1 -> 13 | B15: 澤登 | C15: 澤登 佳子 | D15: 要介護2 | E15: ✓
A16: =A15+1 -> 14 | B16: 白井 | C16: 白井 加都子 | D16: 要介護1 | E16: ✓
A17: =A16+1 -> 15 | B17: 鈴木 | C17: 鈴木 育代 | D17: 要介護4 | E17: ✓
A18: =A17+1 -> 16 | B18: 高久 | C18: 高久 直美 | D18: 要介護2
A19: =A18+1 -> 17 | B19: 高橋 | C19: 高橋 ハツコ | D19: 要介護1 | E19: ✓
A20: =A19+1 -> 18 | B20: 田中 | C20: 田中 保行 | D20: 要介護3
A21: =A20+1 -> 19 | B21: 土肥 | C21: 土肥 俊江 | D21: 要支援2
A22: =A21+1 -> 20 | B22: 仲里 | C22: 仲里 克彦 | D22: 要介護4 | E22: ✓
A23: =A22+1 -> 21 | B23: 二宮 | C23: 二宮 身延 | D23: 要介護4 | E23: ✓
A24: =A23+1 -> 22 | B24: 初谷 | C24: 初谷 キイ | D24: 要介護2
A25: =A24+1 -> 23 | B25: 星野 | C25: 星野 仁江 | D25: 要介護1
A26: =A25+1 -> 24 | B26: 堀節 | C26: 堀田 節子 | D26: 要介護2 | E26: ✓
A27: =A26+1 -> 25 | B27: 宮本 | C27: 宮本 美代子 | D27: 要介護1
A28: =A27+1 -> 26 | B28: 山地 | C28: 山地 チヨ | D28: 要介護2 | E28: ✓
A29: =A28+1 -> 27 | B29: 山本 | C29: 山本 令郎 | D29: 要介護2
A30: =A29+1 -> 28 | B30: 吉田 | C30: 吉田 良子 | D30: 要介護4
A31: =A30+1 -> 29 | B31: 渡邊 | C31: 渡邊 良子 | D31: 要介護3 | E31: ✓
A32: =A31+1 -> 30
A33: =A32+1 -> 31
A34: =A33+1 -> 32
B36: (名) | C36: 略名選択範囲 | D36: =OFFSET('0.【登録】利用者台帳'!$B$2,,,COUNTA('0.【登録】利用者台帳'!$B$2:$B$33),1)

Sheet 【帳票】予定希望票
A1: =【設定】基本情報!$B$1 -> 小規模多機能ホーム方南 | R1: カレンダー作成処理用 | AX1: =IF($C$8=12,DATE($B$8+1,1,1),DATE($B$8,$C$8+1,1)) -> 46023
R2: 日 | S2: =DATE($B$8,$C$8,1) -> 45992 | T2: =S2+1 -> 45993 | U2: =T2+1 -> 45994 | V2: =U2+1 -> 45995 | W2: =V2+1 -> 45996 | X2: =W2+1 -> 45997 | Y2: =X2+1 -> 45998 | Z2: =Y2+1 -> 45999 | AA2: =Z2+1 -> 46000 | ... AW2: =AV2+1 -> 46022 | AX2: =$AX$1-$S$2 -> 31
R3: 曜日 | S3: =WEEKDAY(S2) -> 2 | T3: =WEEKDAY(T2) -> 3 | U3: =WEEKDAY(U2) -> 4 | V3: =WEEKDAY(V2) -> 5 | W3: =WEEKDAY(W2) -> 6 | X3: =WEEKDAY(X2) -> 7 | Y3: =WEEKDAY(Y2) -> 1 | Z3: =WEEKDAY(Z2) -> 2 | ... AW3: =WEEKDAY(AW2) -> 4
C5: 様 | T5: 1 | U5: 2 | V5: 3 | W5: 4 | X5: 5 | Y5: 6 | Z5: 7
R6: 起点チェック | T6: =IF($S$3=T5,1,"") | U6: =IF($S$3=U5,1,"") -> 1 | V6: =IF($S$3=V5,1,"") | W6: =IF($S$3=W5,1,"") | X6: =IF($S$3=X5,1,"") | Y6: =IF($S$3=Y5,1,"") | Z6: =IF($S$3=Z5,1,"")
S7: 0 | T7: =IF(OR(T6=1,S7>0),S7+1,0) -> 0 | U7: =IF(OR(U6=1,T7>0),T7+1,0) -> 1 | V7: =IF(OR(V6=1,U7>0),U7+1,0) -> 2 | W7: =IF(OR(W6=1,V7>0),V7+1,0) -> 3 | X7: =IF(OR(X6=1,W7>0),W7+1,0) -> 4 | Y7: =IF(OR(Y6=1,X7>0),X7+1,0) -> 5 | Z7: =IF(OR(Z6=1,Y7>0),Y7+1,0) -> 6
B8: =【設定】基本情報!$B$2 -> 2025 | C8: =【設定】基本情報!$B$3 -> 12 | D8: 希望表 | T8: =Z7+1 -> 7 | U8: =T8+1 -> 8 | V8: =U8+1 -> 9 | W8: =V8+1 -> 10 | X8: =W8+1 -> 11 | Y8: =X8+1 -> 12 | Z8: =Y8+1 -> 13
T9: =Z8+1 -> 14 | U9: =T9+1 -> 15 | V9: =U9+1 -> 16 | W9: =V9+1 -> 17 | X9: =W9+1 -> 18 | Y9: =X9+1 -> 19 | Z9: =Y9+1 -> 20
T10: =Z9+1 -> 21 | U10: =T10+1 -> 22 | V10: =U10+1 -> 23 | W10: =V10+1 -> 24 | X10: =W10+1 -> 25 | Y10: =X10+1 -> 26 | Z10: =Y10+1 -> 27
B11: 日 | C11: 月 | D11: 火 | E11: 水 | F11: 木 | G11: 金 | H11: 土 | T11: =IF(Z10+1>$AX$2,0,Z10+1) -> 28 | U11: =IF(OR(T11=0,T11+1>$AX$2),0,T11+1) -> 29 | V11: =IF(OR(U11=0,U11+1>$AX$2),0,U11+1) -> 30 | W11: =IF(OR(V11=0,V11+1>$AX$2),0,V11+1) -> 31 | X11: =IF(OR(W11=0,W11+1>$AX$2),0,W11+1) -> 0 | Y11: =IF(OR(X11=0,X11+1>$AX$2),0,X11+1) -> 0 | Z11: =IF(OR(Y11=0,Y11+1>$AX$2),0,Y11+1) -> 0
B12: =IF(T7<>0,T7,"") | C12: =IF(U7<>0,U7,"") -> 1 | D12: =IF(V7<>0,V7,"") -> 2 | E12: =IF(W7<>0,W7,"") -> 3 | F12: =IF(X7<>0,X7,"") -> 4 | G12: =IF(Y7<>0,Y7,"") -> 5 | H12: =IF(Z7<>0,Z7,"") -> 6 | T12: =IF(OR(Z11=0,Z11+1>$AX$2),0,Z11+1) -> 0 | U12: =IF(OR(T12=0,T12+1>$AX$2),0,T12+1) -> 0 | V12: =IF(OR(U12=0,U12+1>$AX$2),0,U12+1) -> 0 | W12: =IF(OR(V12=0,V12+1>$AX$2),0,V12+1) -> 0 | X12: =IF(OR(W12=0,W12+1>$AX$2),0,W12+1) -> 0 | Y12: =IF(OR(X12=0,X12+1>$AX$2),0,X12+1) -> 0 | Z12: =IF(OR(Y12=0,Y12+1>$AX$2),0,Y12+1) -> 0
B16: =IF(T8<>0,T8,"") -> 7 | C16: =IF(U8<>0,U8,"") -> 8 | D16: =IF(V8<>0,V8,"") -> 9 | E16: =IF(W8<>0,W8,"") -> 10 | F16: =IF(X8<>0,X8,"") -> 11 | G16: =IF(Y8<>0,Y8,"") -> 12 | H16: =IF(Z8<>0,Z8,"") -> 13
B20: =IF(T9<>0,T9,"") -> 14 | C20: =IF(U9<>0,U9,"") -> 15 | D20: =IF(V9<>0,V9,"") -> 16 | E20: =IF(W9<>0,W9,"") -> 17 | F20: =IF(X9<>0,X9,"") -> 18 | G20: =IF(Y9<>0,Y9,"") -> 19 | H20: =IF(Z9<>0,Z9,"") -> 20
B24: =IF(T10<>0,T10,"") -> 21 | C24: =IF(U10<>0,U10,"") -> 22 | D24: =IF(V10<>0,V10,"") -> 23 | E24: =IF(W10<>0,W10,"") -> 24 | F24: =IF(X10<>0,X10,"") -> 25 | G24: =IF(Y10<>0,Y10,"") -> 26 | H24: =IF(Z10<>0,Z10,"") -> 27
B28: =IF(T11<>0,T11,"") -> 28 | C28: =IF(U11<>0,U11,"") -> 29 | D28: =IF(V11<>0,V11,"") -> 30 | E28: =IF(W11<>0,W11,"") -> 31 | F28: =IF(X11<>0,X11,"") | G28: =IF(Y11<>0,Y11,"") | H28: =IF(Z11<>0,Z11,"")
B32: =IF(T12<>0,T12,"") | C32: =IF(U12<>0,U12,"") | D32: =IF(V12<>0,V12,"") | E32: =IF(W12<>0,W12,"")
F33: 家族会:１０時～ 方南１Fデイルームです。
B37: ★皆さんの予定のすり合せのため、期限までのご提出にご協力をお願いいたします★
B40: =IF($C$8=1,12,$C$8-1) -> 11 | C40: 月５日までに、ご提出をお願いいたします。
B42: ※混雑状況により、一部宿泊をお受け出来ないことがありますので予めご了承ください。
B44: 家族懇談会： 1１月 ９日（日）
F45: 電話 ０３－５９２９－６１1５
F46: FAX ０３－５９２９－６１1７
G47: 担当 ：村上

Sheet 【入力】希望表
A1: =DATE(【設定】基本情報!$B$2,【設定】基本情報!$B$3,1) -> 45992 | E1: =$A$1 -> 45992 | F1: =E1+1 -> 45993 | G1: =F1+1 -> 45994 | H1: =G1+1 -> 45995 | I1: =H1+1 -> 45996 | J1: =I1+1 -> 45997 | K1: =J1+1 -> 45998 | L1: =K1+1 -> 45999 | M1: =L1+1 -> 46000 | ... AI1: =AH1+1 -> 46022
E2: =E1 -> 45992 | F2: =F1 -> 45993 | G2: =G1 -> 45994 | H2: =H1 -> 45995 | I2: =I1 -> 45996 | J2: =J1 -> 45997 | K2: =K1 -> 45998 | L2: =L1 -> 45999 | ... AI2: =AI1 -> 46022
A3: 希望表 | D3: 泊り | E3: =COUNTIFS($D$113:$D$176,"通泊",E$113:E$176,入所日)+COUNTIFS($D$113:$D$176,"通泊",E$113:E$176,連泊日) -> 0 | F3: =COUNTIFS($D$113:$D$176,"通泊",F$113:F$176,入所日)+COUNTIFS($D$113:$D$176,"通泊",F$113:F$176,連泊日) -> 0 | G3: =COUNTIFS($D$113:$D$176,"通泊",G$113:G$176,入所日)+COUNTIFS($D$113:$D$176,"通泊",G$113:G$176,連泊日) -> 0 | H3: =COUNTIFS($D$113:$D$176,"通泊",H$113:H$176,入所日)+COUNTIFS($D$113:$D$176,"通泊",H$113:H$176,連泊日) -> 0 | I3: =COUNTIFS($D$113:$D$176,"通泊",I$113:I$176,入所日)+COUNTIFS($D$113:$D$176,"通泊",I$113:I$176,連泊日) -> 0 | J3: =COUNTIFS($D$113:$D$176,"通泊",J$113:J$176,入所日)+COUNTIFS($D$113:$D$176,"通泊",J$113:J$176,連泊日) -> 0 | K3: =COUNTIFS($D$113:$D$176,"通泊",K$113:K$176,入所日)+COUNTIFS($D$113:$D$176,"通泊",K$113:K$176,連泊日) -> 0 | L3: =COUNTIFS($D$113:$D$176,"通泊",L$113:L$176,入所日)+COUNTIFS($D$113:$D$176,"通泊",L$113:L$176,連泊日) -> 0 | ... AI3: =COUNTIFS($D$113:$D$176,"通泊",AI$113:AI$176,入所日)+COUNTIFS($D$113:$D$176,"通泊",AI$113:AI$176,連泊日) -> 0
D4: 通い | E4: =E$3+COUNTIFS($D$113:$D$176,"通泊",E$113:E$176,退所日)+COUNTIFS($D$113:$D$176,"通泊",E$113:E$176,通いの日) -> 0 | F4: =F$3+COUNTIFS($D$113:$D$176,"通泊",F$113:F$176,退所日)+COUNTIFS($D$113:$D$176,"通泊",F$113:F$176,通いの日) -> 0 | G4: =G$3+COUNTIFS($D$113:$D$176,"通泊",G$113:G$176,退所日)+COUNTIFS($D$113:$D$176,"通泊",G$113:G$176,通いの日) -> 0 | H4: =H$3+COUNTIFS($D$113:$D$176,"通泊",H$113:H$176,退所日)+COUNTIFS($D$113:$D$176,"通泊",H$113:H$176,通いの日) -> 0 | I4: =I$3+COUNTIFS($D$113:$D$176,"通泊",I$113:I$176,退所日)+COUNTIFS($D$113:$D$176,"通泊",I$113:I$176,通いの日) -> 0 | J4: =J$3+COUNTIFS($D$113:$D$176,"通泊",J$113:J$176,退所日)+COUNTIFS($D$113:$D$176,"通泊",J$113:J$176,通いの日) -> 0 | K4: =K$3+COUNTIFS($D$113:$D$176,"通泊",K$113:K$176,退所日)+COUNTIFS($D$113:$D$176,"通泊",K$113:K$176,通いの日) -> 0 | L4: =L$3+COUNTIFS($D$113:$D$176,"通泊",L$113:L$176,退所日)+COUNTIFS($D$113:$D$176,"通泊",L$113:L$176,通いの日) -> 0 | ... AI4: =AI$3+COUNTIFS($D$113:$D$176,"通泊",AI$113:AI$176,退所日)+COUNTIFS($D$113:$D$176,"通泊",AI$113:AI$176,通いの日) -> 0
D5: 訪問 | E5: =SUMIF($D$113:$D$176,"訪問",E113:E$176) -> 0 | F5: =SUMIF($D$113:$D$176,"訪問",F113:F$176) -> 0 | G5: =SUMIF($D$113:$D$176,"訪問",G113:G$176) -> 0 | H5: =SUMIF($D$113:$D$176,"訪問",H113:H$176) -> 0 | I5: =SUMIF($D$113:$D$176,"訪問",I113:I$176) -> #REF! | J5: =SUMIF($D$113:$D$176,"訪問",J113:J$176) -> 0 | K5: =SUMIF($D$113:$D$176,"訪問",K113:K$176) -> 0 | L5: =SUMIF($D$113:$D$176,"訪問",L113:L$176) -> 0 | ... AI5: =SUMIF($D$113:$D$176,"訪問",AI113:AI$176) -> 0
A6: =B6 -> 青砥 美秋 | B6: =IF(ISBLANK(【入力】利用者台帳!C3),"",【入力】利用者台帳!C3) -> 青砥 美秋 | C6: =IF(ISBLANK(【入力】利用者台帳!D3),"",【入力】利用者台帳!D3) | D6: 通泊
B7: =IF(ISBLANK(【入力】利用者台帳!C3),"",【入力】利用者台帳!C3) -> 青砥 美秋 | C7: =IF(ISBLANK(【入力】利用者台帳!D3),"",【入力】利用者台帳!D3) | D7: 訪問
A8: =B8 -> 安藤 敏子 | B8: =IF(ISBLANK(【入力】利用者台帳!C4),"",【入力】利用者台帳!C4) -> 安藤 敏子 | C8: =IF(ISBLANK(【入力】利用者台帳!D4),"",【入力】利用者台帳!D4) -> 要介護5 | D8: 通泊
B9: =IF(ISBLANK(【入力】利用者台帳!C4),"",【入力】利用者台帳!C4) -> 安藤 敏子 | C9: =IF(ISBLANK(【入力】利用者台帳!D4),"",【入力】利用者台帳!D4) -> 要介護5 | D9: 訪問
A10: =B10 -> 石井 さち子 | B10: =IF(ISBLANK(【入力】利用者台帳!C5),"",【入力】利用者台帳!C5) -> 石井 さち子 | C10: =IF(ISBLANK(【入力】利用者台帳!D5),"",【入力】利用者台帳!D5) -> 要介護3 | D10: 通泊
B11: =IF(ISBLANK(【入力】利用者台帳!C5),"",【入力】利用者台帳!C5) -> 石井 さち子 | C11: =IF(ISBLANK(【入力】利用者台帳!D5),"",【入力】利用者台帳!D5) -> 要介護3 | D11: 訪問
A12: =B12 -> 石橋 冨士代 | B12: =IF(ISBLANK(【入力】利用者台帳!C6),"",【入力】利用者台帳!C6) -> 石橋 冨士代 | C12: =IF(ISBLANK(【入力】利用者台帳!D6),"",【入力】利用者台帳!D6) -> 要介護1 | D12: 通泊
B13: =IF(ISBLANK(【入力】利用者台帳!C6),"",【入力】利用者台帳!C6) -> 石橋 冨士代 | C13: =IF(ISBLANK(【入力】利用者台帳!D6),"",【入力】利用者台帳!D6) -> 要介護1 | D13: 訪問
A14: =B14 -> 伊藤 シゲ | B14: =IF(ISBLANK(【入力】利用者台帳!C7),"",【入力】利用者台帳!C7) -> 伊藤 シゲ | C14: =IF(ISBLANK(【入力】利用者台帳!D7),"",【入力】利用者台帳!D7) -> 要介護3 | D14: 通泊
B15: =IF(ISBLANK(【入力】利用者台帳!C7),"",【入力】利用者台帳!C7) -> 伊藤 シゲ | C15: =IF(ISBLANK(【入力】利用者台帳!D7),"",【入力】利用者台帳!D7) -> 要介護3 | D15: 訪問
A16: =B16 -> 伊藤 ミツ | B16: =IF(ISBLANK(【入力】利用者台帳!C8),"",【入力】利用者台帳!C8) -> 伊藤 ミツ | C16: =IF(ISBLANK(【入力】利用者台帳!D8),"",【入力】利用者台帳!D8) -> 要介護3 | D16: 通泊
B17: =IF(ISBLANK(【入力】利用者台帳!C8),"",【入力】利用者台帳!C8) -> 伊藤 ミツ | C17: =IF(ISBLANK(【入力】利用者台帳!D8),"",【入力】利用者台帳!D8) -> 要介護3 | D17: 訪問
A18: =B18 -> 岩永 里子 | B18: =IF(ISBLANK(【入力】利用者台帳!C9),"",【入力】利用者台帳!C9) -> 岩永 里子 | C18: =IF(ISBLANK(【入力】利用者台帳!D9),"",【入力】利用者台帳!D9) -> 要介護3 | D18: 通泊
B19: =IF(ISBLANK(【入力】利用者台帳!C9),"",【入力】利用者台帳!C9) -> 岩永 里子 | C19: =IF(ISBLANK(【入力】利用者台帳!D9),"",【入力】利用者台帳!D9) -> 要介護3 | D19: 訪問
A20: =B20 -> 川原 克子 | B20: =IF(ISBLANK(【入力】利用者台帳!C10),"",【入力】利用者台帳!C10) -> 川原 克子 | C20: =IF(ISBLANK(【入力】利用者台帳!D10),"",【入力】利用者台帳!D10) -> 要介護4 | D20: 通泊
B21: =IF(ISBLANK(【入力】利用者台帳!C10),"",【入力】利用者台帳!C10) -> 川原 克子 | C21: =IF(ISBLANK(【入力】利用者台帳!D10),"",【入力】利用者台帳!D10) -> 要介護4 | D21: 訪問
A22: =B22 -> 工藤 信代 | B22: =IF(ISBLANK(【入力】利用者台帳!C11),"",【入力】利用者台帳!C11) -> 工藤 信代 | C22: =IF(ISBLANK(【入力】利用者台帳!D11),"",【入力】利用者台帳!D11) -> 要介護2 | D22: 通泊
B23: =IF(ISBLANK(【入力】利用者台帳!C11),"",【入力】利用者台帳!C11) -> 工藤 信代 | C23: =IF(ISBLANK(【入力】利用者台帳!D11),"",【入力】利用者台帳!D11) -> 要介護2 | D23: 訪問
A24: =B24 -> 坂本 みつ子 | B24: =IF(ISBLANK(【入力】利用者台帳!C12),"",【入力】利用者台帳!C12) -> 坂本 みつ子 | C24: =IF(ISBLANK(【入力】利用者台帳!D12),"",【入力】利用者台帳!D12) -> 要介護1 | D24: 通泊
B25: =IF(ISBLANK(【入力】利用者台帳!C12),"",【入力】利用者台帳!C12) -> 坂本 みつ子 | C25: =IF(ISBLANK(【入力】利用者台帳!D12),"",【入力】利用者台帳!D12) -> 要介護1 | D25: 訪問
A26: =B26 -> 佐々木敦子 | B26: =IF(ISBLANK(【入力】利用者台帳!C13),"",【入力】利用者台帳!C13) -> 佐々木敦子 | C26: =IF(ISBLANK(【入力】利用者台帳!D13),"",【入力】利用者台帳!D13) -> 要介護4 | D26: 通泊
B27: =IF(ISBLANK(【入力】利用者台帳!C13),"",【入力】利用者台帳!C13) -> 佐々木敦子 | C27: =IF(ISBLANK(【入力】利用者台帳!D13),"",【入力】利用者台帳!D13) -> 要介護4 | D27: 訪問
A28: =B28 -> 澤井 節子 | B28: =IF(ISBLANK(【入力】利用者台帳!C14),"",【入力】利用者台帳!C14) -> 澤井 節子 | C28: =IF(ISBLANK(【入力】利用者台帳!D14),"",【入力】利用者台帳!D14) -> 要介護1 | D28: 通泊
B29: =IF(ISBLANK(【入力】利用者台帳!C14),"",【入力】利用者台帳!C14) -> 澤井 節子 | C29: =IF(ISBLANK(【入力】利用者台帳!D14),"",【入力】利用者台帳!D14) -> 要介護1 | D29: 訪問
A30: =B30 -> 澤登 佳子 | B30: =IF(ISBLANK(【入力】利用者台帳!C15),"",【入力】利用者台帳!C15) -> 澤登 佳子 | C30: =IF(ISBLANK(【入力】利用者台帳!D15),"",【入力】利用者台帳!D15) -> 要介護2 | D30: 通泊
B31: =IF(ISBLANK(【入力】利用者台帳!C15),"",【入力】利用者台帳!C15) -> 澤登 佳子 | C31: =IF(ISBLANK(【入力】利用者台帳!D15),"",【入力】利用者台帳!D15) -> 要介護2 | D31: 訪問
A32: =B32 -> 白井 加都子 | B32: =IF(ISBLANK(【入力】利用者台帳!C16),"",【入力】利用者台帳!C16) -> 白井 加都子 | C32: =IF(ISBLANK(【入力】利用者台帳!D16),"",【入力】利用者台帳!D16) -> 要介護1 | D32: 通泊
B33: =IF(ISBLANK(【入力】利用者台帳!C16),"",【入力】利用者台帳!C16) -> 白井 加都子 | C33: =IF(ISBLANK(【入力】利用者台帳!D16),"",【入力】利用者台帳!D16) -> 要介護1 | D33: 訪問
A34: =B34 -> 鈴木 育代 | B34: =IF(ISBLANK(【入力】利用者台帳!C17),"",【入力】利用者台帳!C17) -> 鈴木 育代 | C34: =IF(ISBLANK(【入力】利用者台帳!D17),"",【入力】利用者台帳!D17) -> 要介護4 | D34: 通泊
B35: =IF(ISBLANK(【入力】利用者台帳!C17),"",【入力】利用者台帳!C17) -> 鈴木 育代 | C35: =IF(ISBLANK(【入力】利用者台帳!D17),"",【入力】利用者台帳!D17) -> 要介護4 | D35: 訪問
A36: =B36 -> 高久 直美 | B36: =IF(ISBLANK(【入力】利用者台帳!C18),"",【入力】利用者台帳!C18) -> 高久 直美 | C36: =IF(ISBLANK(【入力】利用者台帳!D18),"",【入力】利用者台帳!D18) -> 要介護2 | D36: 通泊
B37: =IF(ISBLANK(【入力】利用者台帳!C18),"",【入力】利用者台帳!C18) -> 高久 直美 | C37: =IF(ISBLANK(【入力】利用者台帳!D18),"",【入力】利用者台帳!D18) -> 要介護2 | D37: 訪問
A38: =B38 -> 高橋 ハツコ | B38: =IF(ISBLANK(【入力】利用者台帳!C19),"",【入力】利用者台帳!C19) -> 高橋 ハツコ | C38: =IF(ISBLANK(【入力】利用者台帳!D19),"",【入力】利用者台帳!D19) -> 要介護1 | D38: 通泊
B39: =IF(ISBLANK(【入力】利用者台帳!C19),"",【入力】利用者台帳!C19) -> 高橋 ハツコ | C39: =IF(ISBLANK(【入力】利用者台帳!D19),"",【入力】利用者台帳!D19) -> 要介護1 | D39: 訪問
A40: =B40 -> 田中 保行 | B40: =IF(ISBLANK(【入力】利用者台帳!C20),"",【入力】利用者台帳!C20) -> 田中 保行 | C40: =IF(ISBLANK(【入力】利用者台帳!D20),"",【入力】利用者台帳!D20) -> 要介護3 | D40: 通泊
B41: =IF(ISBLANK(【入力】利用者台帳!C20),"",【入力】利用者台帳!C20) -> 田中 保行 | C41: =IF(ISBLANK(【入力】利用者台帳!D20),"",【入力】利用者台帳!D20) -> 要介護3 | D41: 訪問
A42: =B42 -> 土肥 俊江 | B42: =IF(ISBLANK(【入力】利用者台帳!C21),"",【入力】利用者台帳!C21) -> 土肥 俊江 | C42: =IF(ISBLANK(【入力】利用者台帳!D21),"",【入力】利用者台帳!D21) -> 要支援2 | D42: 通泊
B43: =IF(ISBLANK(【入力】利用者台帳!C21),"",【入力】利用者台帳!C21) -> 土肥 俊江 | C43: =IF(ISBLANK(【入力】利用者台帳!D21),"",【入力】利用者台帳!D21) -> 要支援2 | D43: 訪問
A44: =B44 -> 仲里 克彦 | B44: =IF(ISBLANK(【入力】利用者台帳!C22),"",【入力】利用者台帳!C22) -> 仲里 克彦 | C44: =IF(ISBLANK(【入力】利用者台帳!D22),"",【入力】利用者台帳!D22) -> 要介護4 | D44: 通泊
B45: =IF(ISBLANK(【入力】利用者台帳!C22),"",【入力】利用者台帳!C22) -> 仲里 克彦 | C45: =IF(ISBLANK(【入力】利用者台帳!D22),"",【入力】利用者台帳!D22) -> 要介護4 | D45: 訪問
A46: =B46 -> 二宮 身延 | B46: =IF(ISBLANK(【入力】利用者台帳!C23),"",【入力】利用者台帳!C23) -> 二宮 身延 | C46: =IF(ISBLANK(【入力】利用者台帳!D23),"",【入力】利用者台帳!D23) -> 要介護4 | D46: 通泊
B47: =IF(ISBLANK(【入力】利用者台帳!C23),"",【入力】利用者台帳!C23) -> 二宮 身延 | C47: =IF(ISBLANK(【入力】利用者台帳!D23),"",【入力】利用者台帳!D23) -> 要介護4 | D47: 訪問
A48: =B48 -> 初谷 キイ | B48: =IF(ISBLANK(【入力】利用者台帳!C24),"",【入力】利用者台帳!C24) -> 初谷 キイ | C48: =IF(ISBLANK(【入力】利用者台帳!D24),"",【入力】利用者台帳!D24) -> 要介護2 | D48: 通泊
B49: =IF(ISBLANK(【入力】利用者台帳!C24),"",【入力】利用者台帳!C24) -> 初谷 キイ | C49: =IF(ISBLANK(【入力】利用者台帳!D24),"",【入力】利用者台帳!D24) -> 要介護2 | D49: 訪問
A50: =B50 -> 星野 仁江 | B50: =IF(ISBLANK(【入力】利用者台帳!C25),"",【入力】利用者台帳!C25) -> 星野 仁江 | C50: =IF(ISBLANK(【入力】利用者台帳!D25),"",【入力】利用者台帳!D25) -> 要介護1 | D50: 通泊
B51: =IF(ISBLANK(【入力】利用者台帳!C25),"",【入力】利用者台帳!C25) -> 星野 仁江 | C51: =IF(ISBLANK(【入力】利用者台帳!D25),"",【入力】利用者台帳!D25) -> 要介護1 | D51: 訪問
A52: =B52 -> 堀田 節子 | B52: =IF(ISBLANK(【入力】利用者台帳!C26),"",【入力】利用者台帳!C26) -> 堀田 節子 | C52: =IF(ISBLANK(【入力】利用者台帳!D26),"",【入力】利用者台帳!D26) -> 要介護2 | D52: 通泊
B53: =IF(ISBLANK(【入力】利用者台帳!C26),"",【入力】利用者台帳!C26) -> 堀田 節子 | C53: =IF(ISBLANK(【入力】利用者台帳!D26),"",【入力】利用者台帳!D26) -> 要介護2 | D53: 訪問
A54: =B54 -> 宮本 美代子 | B54: =IF(ISBLANK(【入力】利用者台帳!C27),"",【入力】利用者台帳!C27) -> 宮本 美代子 | C54: =IF(ISBLANK(【入力】利用者台帳!D27),"",【入力】利用者台帳!D27) -> 要介護1 | D54: 通泊
B55: =IF(ISBLANK(【入力】利用者台帳!C27),"",【入力】利用者台帳!C27) -> 宮本 美代子 | C55: =IF(ISBLANK(【入力】利用者台帳!D27),"",【入力】利用者台帳!D27) -> 要介護1 | D55: 訪問
A56: =B56 -> 山地 チヨ | B56: =IF(ISBLANK(【入力】利用者台帳!C28),"",【入力】利用者台帳!C28) -> 山地 チヨ | C56: =IF(ISBLANK(【入力】利用者台帳!D28),"",【入力】利用者台帳!D28) -> 要介護2 | D56: 通泊
B57: =IF(ISBLANK(【入力】利用者台帳!C28),"",【入力】利用者台帳!C28) -> 山地 チヨ | C57: =IF(ISBLANK(【入力】利用者台帳!D28),"",【入力】利用者台帳!D28) -> 要介護2 | D57: 訪問
A58: =B58 -> 山本 令郎 | B58: =IF(ISBLANK(【入力】利用者台帳!C29),"",【入力】利用者台帳!C29) -> 山本 令郎 | C58: =IF(ISBLANK(【入力】利用者台帳!D29),"",【入力】利用者台帳!D29) -> 要介護2 | D58: 通泊
B59: =IF(ISBLANK(【入力】利用者台帳!C29),"",【入力】利用者台帳!C29) -> 山本 令郎 | C59: =IF(ISBLANK(【入力】利用者台帳!D29),"",【入力】利用者台帳!D29) -> 要介護2 | D59: 訪問
A60: =B60 -> 吉田 良子 | B60: =IF(ISBLANK(【入力】利用者台帳!C30),"",【入力】利用者台帳!C30) -> 吉田 良子 | C60: =IF(ISBLANK(【入力】利用者台帳!D30),"",【入力】利用者台帳!D30) -> 要介護4 | D60: 通泊
B61: =IF(ISBLANK(【入力】利用者台帳!C30),"",【入力】利用者台帳!C30) -> 吉田 良子 | C61: =IF(ISBLANK(【入力】利用者台帳!D30),"",【入力】利用者台帳!D30) -> 要介護4 | D61: 訪問
A62: =B62 -> 渡邊 良子 | B62: =IF(ISBLANK(【入力】利用者台帳!C31),"",【入力】利用者台帳!C31) -> 渡邊 良子 | C62: =IF(ISBLANK(【入力】利用者台帳!D31),"",【入力】利用者台帳!D31) -> 要介護3 | D62: 通泊
B63: =IF(ISBLANK(【入力】利用者台帳!C31),"",【入力】利用者台帳!C31) -> 渡邊 良子 | C63: =IF(ISBLANK(【入力】利用者台帳!D31),"",【入力】利用者台帳!D31) -> 要介護3 | D63: 訪問
A64: =B64 | B64: =IF(ISBLANK(【入力】利用者台帳!C32),"",【入力】利用者台帳!C32) | C64: =IF(ISBLANK(【入力】利用者台帳!D32),"",【入力】利用者台帳!D32) | D64: 通泊
B65: =IF(ISBLANK(【入力】利用者台帳!C32),"",【入力】利用者台帳!C32) | C65: =IF(ISBLANK(【入力】利用者台帳!D32),"",【入力】利用者台帳!D32) | D65: 訪問
A66: =B66 | B66: =IF(ISBLANK(【入力】利用者台帳!C33),"",【入力】利用者台帳!C33) | C66: =IF(ISBLANK(【入力】利用者台帳!D33),"",【入力】利用者台帳!D33) | D66: 通泊
B67: =IF(ISBLANK(【入力】利用者台帳!C33),"",【入力】利用者台帳!C33) | C67: =IF(ISBLANK(【入力】利用者台帳!D33),"",【入力】利用者台帳!D33) | D67: 訪問
A68: =B68 | B68: =IF(ISBLANK(【入力】利用者台帳!C34),"",【入力】利用者台帳!C34) | C68: =IF(ISBLANK(【入力】利用者台帳!D34),"",【入力】利用者台帳!D34) | D68: 通泊
B69: =IF(ISBLANK(【入力】利用者台帳!C34),"",【入力】利用者台帳!C34) | C69: =IF(ISBLANK(【入力】利用者台帳!D34),"",【入力】利用者台帳!D34) | D69: 訪問
B74: 宿泊フラグ設定テーブル（下の予定調整確定テーブル設定の前段階処理）
B75: ※入所から退所まで含み泊りには1、それ以外は０を設定する。なおD列に限っては、当月初回の入力に基づいて泊りかそれ以外かを設定する。
B76: ※エラー値について ： 入退所間の多重入力（入所、通い）については問題なし。退所の多重入力（退所後に退所）はマイナス値があるも処理に影響なし。
B77: =IF(ISBLANK(【入力】利用者台帳!C3),"",【入力】利用者台帳!C3) -> 青砥 美秋 | D77: =IF(IFERROR(MATCH("退所",$E6:$AI6,0),0)=0,0,IF(IFERROR(MATCH("退所",$E6:$AI6,0),0)<IFERROR(MATCH("入所",$E6:$AI6,0),100),1,0)) -> 0 | E77: =IF(E6="入所",1,IF(D6="退所",D77-1,D77)) -> 0 | F77: =IF(F6="入所",1,IF(E6="退所",E77-1,E77)) -> 0 | G77: =IF(G6="入所",1,IF(F6="退所",F77-1,F77)) -> 0 | H77: =IF(H6="入所",1,IF(G6="退所",G77-1,G77)) -> 0 | I77: =IF(I6="入所",1,IF(H6="退所",H77-1,H77)) -> 0 | J77: =IF(J6="入所",1,IF(I6="退所",I77-1,I77)) -> 0 | K77: =IF(K6="入所",1,IF(J6="退所",J77-1,J77)) -> 0 | L77: =IF(L6="入所",1,IF(K6="退所",K77-1,K77)) -> 0 | ... AI77: =IF(AI6="入所",1,IF(AH6="退所",AH77-1,AH77)) -> 0
B78: =IF(ISBLANK(【入力】利用者台帳!C4),"",【入力】利用者台帳!C4) -> 安藤 敏子 | D78: =IF(IFERROR(MATCH("退所",$E8:$AI8,0),0)=0,0,IF(IFERROR(MATCH("退所",$E8:$AI8,0),0)<IFERROR(MATCH("入所",$E8:$AI8,0),100),1,0)) -> 0 | E78: =IF(E8="入所",1,IF(D8="退所",D78-1,D78)) -> 0 | F78: =IF(F8="入所",1,IF(E8="退所",E78-1,E78)) -> 0 | G78: =IF(G8="入所",1,IF(F8="退所",F78-1,F78)) -> 0 | H78: =IF(H8="入所",1,IF(G8="退所",G78-1,G78)) -> 0 | I78: =IF(I8="入所",1,IF(H8="退所",H78-1,H78)) -> 0 | J78: =IF(J8="入所",1,IF(I8="退所",I78-1,I78)) -> 0 | K78: =IF(K8="入所",1,IF(J8="退所",J78-1,J78)) -> 0 | L78: =IF(L8="入所",1,IF(K8="退所",K78-1,K78)) -> 0 | ... AI78: =IF(AI8="入所",1,IF(AH8="退所",AH78-1,AH78)) -> 0
B79: =IF(ISBLANK(【入力】利用者台帳!C5),"",【入力】利用者台帳!C5) -> 石井 さち子 | D79: =IF(IFERROR(MATCH("退所",$E10:$AI10,0),0)=0,0,IF(IFERROR(MATCH("退所",$E10:$AI10,0),0)<IFERROR(MATCH("入所",$E10:$AI10,0),100),1,0)) -> 0 | E79: =IF(E10="入所",1,IF(D10="退所",D79-1,D79)) -> 0 | F79: =IF(F10="入所",1,IF(E10="退所",E79-1,E79)) -> 0 | G79: =IF(G10="入所",1,IF(F10="退所",F79-1,F79)) -> 0 | H79: =IF(H10="入所",1,IF(G10="退所",G79-1,G79)) -> 0 | I79: =IF(I10="入所",1,IF(H10="退所",H79-1,H79)) -> 0 | J79: =IF(J10="入所",1,IF(I10="退所",I79-1,I79)) -> 0 | K79: =IF(K10="入所",1,IF(J10="退所",J79-1,J79)) -> 0 | L79: =IF(L10="入所",1,IF(K10="退所",K79-1,K79)) -> 0 | ... AI79: =IF(AI10="入所",1,IF(AH10="退所",AH79-1,AH79)) -> 0
B80: =IF(ISBLANK(【入力】利用者台帳!C6),"",【入力】利用者台帳!C6) -> 石橋 冨士代 | D80: =IF(IFERROR(MATCH("退所",$E12:$AI12,0),0)=0,0,IF(IFERROR(MATCH("退所",$E12:$AI12,0),0)<IFERROR(MATCH("入所",$E12:$AI12,0),100),1,0)) -> 0 | E80: =IF(E12="入所",1,IF(D12="退所",D80-1,D80)) -> 0 | F80: =IF(F12="入所",1,IF(E12="退所",E80-1,E80)) -> 0 | G80: =IF(G12="入所",1,IF(F12="退所",F80-1,F80)) -> 0 | H80: =IF(H12="入所",1,IF(G12="退所",G80-1,G80)) -> 0 | I80: =IF(I12="入所",1,IF(H12="退所",H80-1,H80)) -> 0 | J80: =IF(J12="入所",1,IF(I12="退所",I80-1,I80)) -> 0 | K80: =IF(K12="入所",1,IF(J12="退所",J80-1,J80)) -> 0 | L80: =IF(L12="入所",1,IF(K12="退所",K80-1,K80)) -> 0 | ... AI80: =IF(AI12="入所",1,IF(AH12="退所",AH80-1,AH80)) -> 0
B81: =IF(ISBLANK(【入力】利用者台帳!C7),"",【入力】利用者台帳!C7) -> 伊藤 シゲ | D81: =IF(IFERROR(MATCH("退所",$E14:$AI14,0),0)=0,0,IF(IFERROR(MATCH("退所",$E14:$AI14,0),0)<IFERROR(MATCH("入所",$E14:$AI14,0),100),1,0)) -> 0 | E81: =IF(E14="入所",1,IF(D14="退所",D81-1,D81)) -> 0 | F81: =IF(F14="入所",1,IF(E14="退所",E81-1,E81)) -> 0 | G81: =IF(G14="入所",1,IF(F14="退所",F81-1,F81)) -> 0 | H81: =IF(H14="入所",1,IF(G14="退所",G81-1,G81)) -> 0 | I81: =IF(I14="入所",1,IF(H14="退所",H81-1,H81)) -> 0 | J81: =IF(J14="入所",1,IF(I14="退所",I81-1,I81)) -> 0 | K81: =IF(K14="入所",1,IF(J14="退所",J81-1,J81)) -> 0 | L81: =IF(L14="入所",1,IF(K14="退所",K81-1,K81)) -> 0 | ... AI81: =IF(AI14="入所",1,IF(AH14="退所",AH81-1,AH81)) -> 0
B82: =IF(ISBLANK(【入力】利用者台帳!C8),"",【入力】利用者台帳!C8) -> 伊藤 ミツ | D82: =IF(IFERROR(MATCH("退所",$E16:$AI16,0),0)=0,0,IF(IFERROR(MATCH("退所",$E16:$AI16,0),0)<IFERROR(MATCH("入所",$E16:$AI16,0),100),1,0)) -> 0 | E82: =IF(E16="入所",1,IF(D16="退所",D82-1,D82)) -> 0 | F82: =IF(F16="入所",1,IF(E16="退所",E82-1,E82)) -> 0 | G82: =IF(G16="入所",1,IF(F16="退所",F82-1,F82)) -> 0 | H82: =IF(H16="入所",1,IF(G16="退所",G82-1,G82)) -> 0 | I82: =IF(I16="入所",1,IF(H16="退所",H82-1,H82)) -> 0 | J82: =IF(J16="入所",1,IF(I16="退所",I82-1,I82)) -> 0 | K82: =IF(K16="入所",1,IF(J16="退所",J82-1,J82)) -> 0 | L82: =IF(L16="入所",1,IF(K16="退所",K82-1,K82)) -> 0 | ... AI82: =IF(AI16="入所",1,IF(AH16="退所",AH82-1,AH82)) -> 0
B83: =IF(ISBLANK(【入力】利用者台帳!C9),"",【入力】利用者台帳!C9) -> 岩永 里子 | D83: =IF(IFERROR(MATCH("退所",$E18:$AI18,0),0)=0,0,IF(IFERROR(MATCH("退所",$E18:$AI18,0),0)<IFERROR(MATCH("入所",$E18:$AI18,0),100),1,0)) -> 0 | E83: =IF(E18="入所",1,IF(D18="退所",D83-1,D83)) -> 0 | F83: =IF(F18="入所",1,IF(E18="退所",E83-1,E83)) -> 0 | G83: =IF(G18="入所",1,IF(F18="退所",F83-1,F83)) -> 0 | H83: =IF(H18="入所",1,IF(G18="退所",G83-1,G83)) -> 0 | I83: =IF(I18="入所",1,IF(H18="退所",H83-1,H83)) -> 0 | J83: =IF(J18="入所",1,IF(I18="退所",I83-1,I83)) -> 0 | K83: =IF(K18="入所",1,IF(J18="退所",J83-1,J83)) -> 0 | L83: =IF(L18="入所",1,IF(K18="退所",K83-1,K83)) -> 0 | ... AI83: =IF(AI18="入所",1,IF(AH18="退所",AH83-1,AH83)) -> 0
B84: =IF(ISBLANK(【入力】利用者台帳!C10),"",【入力】利用者台帳!C10) -> 川原 克子 | D84: =IF(IFERROR(MATCH("退所",$E20:$AI20,0),0)=0,0,IF(IFERROR(MATCH("退所",$E20:$AI20,0),0)<IFERROR(MATCH("入所",$E20:$AI20,0),100),1,0)) -> 0 | E84: =IF(E20="入所",1,IF(D20="退所",D84-1,D84)) -> 0 | F84: =IF(F20="入所",1,IF(E20="退所",E84-1,E84)) -> 0 | G84: =IF(G20="入所",1,IF(F20="退所",F84-1,F84)) -> 0 | H84: =IF(H20="入所",1,IF(G20="退所",G84-1,G84)) -> 0 | I84: =IF(I20="入所",1,IF(H20="退所",H84-1,H84)) -> 0 | J84: =IF(J20="入所",1,IF(I20="退所",I84-1,I84)) -> 0 | K84: =IF(K20="入所",1,IF(J20="退所",J84-1,J84)) -> 0 | L84: =IF(L20="入所",1,IF(K20="退所",K84-1,K84)) -> 0 | ... AI84: =IF(AI20="入所",1,IF(AH20="退所",AH84-1,AH84)) -> 0
B85: =IF(ISBLANK(【入力】利用者台帳!C11),"",【入力】利用者台帳!C11) -> 工藤 信代 | D85: =IF(IFERROR(MATCH("退所",$E22:$AI22,0),0)=0,0,IF(IFERROR(MATCH("退所",$E22:$AI22,0),0)<IFERROR(MATCH("入所",$E22:$AI22,0),100),1,0)) -> 0 | E85: =IF(E22="入所",1,IF(D22="退所",D85-1,D85)) -> 0 | F85: =IF(F22="入所",1,IF(E22="退所",E85-1,E85)) -> 0 | G85: =IF(G22="入所",1,IF(F22="退所",F85-1,F85)) -> 0 | H85: =IF(H22="入所",1,IF(G22="退所",G85-1,G85)) -> 0 | I85: =IF(I22="入所",1,IF(H22="退所",H85-1,H85)) -> 0 | J85: =IF(J22="入所",1,IF(I22="退所",I85-1,I85)) -> 0 | K85: =IF(K22="入所",1,IF(J22="退所",J85-1,J85)) -> 0 | L85: =IF(L22="入所",1,IF(K22="退所",K85-1,K85)) -> 0 | ... AI85: =IF(AI22="入所",1,IF(AH22="退所",AH85-1,AH85)) -> 0
B86: =IF(ISBLANK(【入力】利用者台帳!C12),"",【入力】利用者台帳!C12) -> 坂本 みつ子 | D86: =IF(IFERROR(MATCH("退所",$E24:$AI24,0),0)=0,0,IF(IFERROR(MATCH("退所",$E24:$AI24,0),0)<IFERROR(MATCH("入所",$E24:$AI24,0),100),1,0)) -> 0 | E86: =IF(E24="入所",1,IF(D24="退所",D86-1,D86)) -> 0 | F86: =IF(F24="入所",1,IF(E24="退所",E86-1,E86)) -> 0 | G86: =IF(G24="入所",1,IF(F24="退所",F86-1,F86)) -> 0 | H86: =IF(H24="入所",1,IF(G24="退所",G86-1,G86)) -> 0 | I86: =IF(I24="入所",1,IF(H24="退所",H86-1,H86)) -> 0 | J86: =IF(J24="入所",1,IF(I24="退所",I86-1,I86)) -> 0 | K86: =IF(K24="入所",1,IF(J24="退所",J86-1,J86)) -> 0 | L86: =IF(L24="入所",1,IF(K24="退所",K86-1,K86)) -> 0 | ... AI86: =IF(AI24="入所",1,IF(AH24="退所",AH86-1,AH86)) -> 0
B87: =IF(ISBLANK(【入力】利用者台帳!C13),"",【入力】利用者台帳!C13) -> 佐々木敦子 | D87: =IF(IFERROR(MATCH("退所",$E26:$AI26,0),0)=0,0,IF(IFERROR(MATCH("退所",$E26:$AI26,0),0)<IFERROR(MATCH("入所",$E26:$AI26,0),100),1,0)) -> 0 | E87: =IF(E26="入所",1,IF(D26="退所",D87-1,D87)) -> 0 | F87: =IF(F26="入所",1,IF(E26="退所",E87-1,E87)) -> 0 | G87: =IF(G26="入所",1,IF(F26="退所",F87-1,F87)) -> 0 | H87: =IF(H26="入所",1,IF(G26="退所",G87-1,G87)) -> 0 | I87: =IF(I26="入所",1,IF(H26="退所",H87-1,H87)) -> 0 | J87: =IF(J26="入所",1,IF(I26="退所",I87-1,I87)) -> 0 | K87: =IF(K26="入所",1,IF(J26="退所",J87-1,J87)) -> 0 | L87: =IF(L26="入所",1,IF(K26="退所",K87-1,K87)) -> 0 | ... AI87: =IF(AI26="入所",1,IF(AH26="退所",AH87-1,AH87)) -> 0
B88: =IF(ISBLANK(【入力】利用者台帳!C14),"",【入力】利用者台帳!C14) -> 澤井 節子 | D88: =IF(IFERROR(MATCH("退所",$E28:$AI28,0),0)=0,0,IF(IFERROR(MATCH("退所",$E28:$AI28,0),0)<IFERROR(MATCH("入所",$E28:$AI28,0),100),1,0)) -> 0 | E88: =IF(E28="入所",1,IF(D28="退所",D88-1,D88)) -> 0 | F88: =IF(F28="入所",1,IF(E28="退所",E88-1,E88)) -> 0 | G88: =IF(G28="入所",1,IF(F28="退所",F88-1,F88)) -> 0 | H88: =IF(H28="入所",1,IF(G28="退所",G88-1,G88)) -> 0 | I88: =IF(I28="入所",1,IF(H28="退所",H88-1,H88)) -> 0 | J88: =IF(J28="入所",1,IF(I28="退所",I88-1,I88)) -> 0 | K88: =IF(K28="入所",1,IF(J28="退所",J88-1,J88)) -> 0 | L88: =IF(L28="入所",1,IF(K28="退所",K88-1,K88)) -> 0 | ... AI88: =IF(AI28="入所",1,IF(AH28="退所",AH88-1,AH88)) -> 0
B89: =IF(ISBLANK(【入力】利用者台帳!C15),"",【入力】利用者台帳!C15) -> 澤登 佳子 | D89: =IF(IFERROR(MATCH("退所",$E30:$AI30,0),0)=0,0,IF(IFERROR(MATCH("退所",$E30:$AI30,0),0)<IFERROR(MATCH("入所",$E30:$AI30,0),100),1,0)) -> 0 | E89: =IF(E30="入所",1,IF(D30="退所",D89-1,D89)) -> 0 | F89: =IF(F30="入所",1,IF(E30="退所",E89-1,E89)) -> 0 | G89: =IF(G30="入所",1,IF(F30="退所",F89-1,F89)) -> 0 | H89: =IF(H30="入所",1,IF(G30="退所",G89-1,G89)) -> 0 | I89: =IF(I30="入所",1,IF(H30="退所",H89-1,H89)) -> 0 | J89: =IF(J30="入所",1,IF(I30="退所",I89-1,I89)) -> 0 | K89: =IF(K30="入所",1,IF(J30="退所",J89-1,J89)) -> 0 | L89: =IF(L30="入所",1,IF(K30="退所",K89-1,K89)) -> 0 | ... AI89: =IF(AI30="入所",1,IF(AH30="退所",AH89-1,AH89)) -> 0
B90: =IF(ISBLANK(【入力】利用者台帳!C16),"",【入力】利用者台帳!C16) -> 白井 加都子 | D90: =IF(IFERROR(MATCH("退所",$E32:$AI32,0),0)=0,0,IF(IFERROR(MATCH("退所",$E32:$AI32,0),0)<IFERROR(MATCH("入所",$E32:$AI32,0),100),1,0)) -> 0 | E90: =IF(E32="入所",1,IF(D32="退所",D90-1,D90)) -> 0 | F90: =IF(F32="入所",1,IF(E32="退所",E90-1,E90)) -> 0 | G90: =IF(G32="入所",1,IF(F32="退所",F90-1,F90)) -> 0 | H90: =IF(H32="入所",1,IF(G32="退所",G90-1,G90)) -> 0 | I90: =IF(I32="入所",1,IF(H32="退所",H90-1,H90)) -> 0 | J90: =IF(J32="入所",1,IF(I32="退所",I90-1,I90)) -> 0 | K90: =IF(K32="入所",1,IF(J32="退所",J90-1,J90)) -> 0 | L90: =IF(L32="入所",1,IF(K32="退所",K90-1,K90)) -> 0 | ... AI90: =IF(AI32="入所",1,IF(AH32="退所",AH90-1,AH90)) -> 0
B91: =IF(ISBLANK(【入力】利用者台帳!C17),"",【入力】利用者台帳!C17) -> 鈴木 育代 | D91: =IF(IFERROR(MATCH("退所",$E34:$AI34,0),0)=0,0,IF(IFERROR(MATCH("退所",$E34:$AI34,0),0)<IFERROR(MATCH("入所",$E34:$AI34,0),100),1,0)) -> 0 | E91: =IF(E34="入所",1,IF(D34="退所",D91-1,D91)) -> 0 | F91: =IF(F34="入所",1,IF(E34="退所",E91-1,E91)) -> 0 | G91: =IF(G34="入所",1,IF(F34="退所",F91-1,F91)) -> 0 | H91: =IF(H34="入所",1,IF(G34="退所",G91-1,G91)) -> 0 | I91: =IF(I34="入所",1,IF(H34="退所",H91-1,H91)) -> 0 | J91: =IF(J34="入所",1,IF(I34="退所",I91-1,I91)) -> 0 | K91: =IF(K34="入所",1,IF(J34="退所",J91-1,J91)) -> 0 | L91: =IF(L34="入所",1,IF(K34="退所",K91-1,K91)) -> 0 | ... AI91: =IF(AI34="入所",1,IF(AH34="退所",AH91-1,AH91)) -> 0
B92: =IF(ISBLANK(【入力】利用者台帳!C18),"",【入力】利用者台帳!C18) -> 高久 直美 | D92: =IF(IFERROR(MATCH("退所",$E36:$AI36,0),0)=0,0,IF(IFERROR(MATCH("退所",$E36:$AI36,0),0)<IFERROR(MATCH("入所",$E36:$AI36,0),100),1,0)) -> 0 | E92: =IF(E36="入所",1,IF(D36="退所",D92-1,D92)) -> 0 | F92: =IF(F36="入所",1,IF(E36="退所",E92-1,E92)) -> 0 | G92: =IF(G36="入所",1,IF(F36="退所",F92-1,F92)) -> 0 | H92: =IF(H36="入所",1,IF(G36="退所",G92-1,G92)) -> 0 | I92: =IF(I36="入所",1,IF(H36="退所",H92-1,H92)) -> 0 | J92: =IF(J36="入所",1,IF(I36="退所",I92-1,I92)) -> 0 | K92: =IF(K36="入所",1,IF(J36="退所",J92-1,J92)) -> 0 | L92: =IF(L36="入所",1,IF(K36="退所",K92-1,K92)) -> 0 | ... AI92: =IF(AI36="入所",1,IF(AH36="退所",AH92-1,AH92)) -> 0
B93: =IF(ISBLANK(【入力】利用者台帳!C19),"",【入力】利用者台帳!C19) -> 高橋 ハツコ | D93: =IF(IFERROR(MATCH("退所",$E38:$AI38,0),0)=0,0,IF(IFERROR(MATCH("退所",$E38:$AI38,0),0)<IFERROR(MATCH("入所",$E38:$AI38,0),100),1,0)) -> 0 | E93: =IF(E38="入所",1,IF(D38="退所",D93-1,D93)) -> 0 | F93: =IF(F38="入所",1,IF(E38="退所",E93-1,E93)) -> 0 | G93: =IF(G38="入所",1,IF(F38="退所",F93-1,F93)) -> 0 | H93: =IF(H38="入所",1,IF(G38="退所",G93-1,G93)) -> 0 | I93: =IF(I38="入所",1,IF(H38="退所",H93-1,H93)) -> 0 | J93: =IF(J38="入所",1,IF(I38="退所",I93-1,I93)) -> 0 | K93: =IF(K38="入所",1,IF(J38="退所",J93-1,J93)) -> 0 | L93: =IF(L38="入所",1,IF(K38="退所",K93-1,K93)) -> 0 | ... AI93: =IF(AI38="入所",1,IF(AH38="退所",AH93-1,AH93)) -> 0
B94: =IF(ISBLANK(【入力】利用者台帳!C20),"",【入力】利用者台帳!C20) -> 田中 保行 | D94: =IF(IFERROR(MATCH("退所",$E40:$AI40,0),0)=0,0,IF(IFERROR(MATCH("退所",$E40:$AI40,0),0)<IFERROR(MATCH("入所",$E40:$AI40,0),100),1,0)) -> 0 | E94: =IF(E40="入所",1,IF(D40="退所",D94-1,D94)) -> 0 | F94: =IF(F40="入所",1,IF(E40="退所",E94-1,E94)) -> 0 | G94: =IF(G40="入所",1,IF(F40="退所",F94-1,F94)) -> 0 | H94: =IF(H40="入所",1,IF(G40="退所",G94-1,G94)) -> 0 | I94: =IF(I40="入所",1,IF(H40="退所",H94-1,H94)) -> 0 | J94: =IF(J40="入所",1,IF(I40="退所",I94-1,I94)) -> 0 | K94: =IF(K40="入所",1,IF(J40="退所",J94-1,J94)) -> 0 | L94: =IF(L40="入所",1,IF(K40="退所",K94-1,K94)) -> 0 | ... AI94: =IF(AI40="入所",1,IF(AH40="退所",AH94-1,AH94)) -> 0
B95: =IF(ISBLANK(【入力】利用者台帳!C21),"",【入力】利用者台帳!C21) -> 土肥 俊江 | D95: =IF(IFERROR(MATCH("退所",$E42:$AI42,0),0)=0,0,IF(IFERROR(MATCH("退所",$E42:$AI42,0),0)<IFERROR(MATCH("入所",$E42:$AI42,0),100),1,0)) -> 0 | E95: =IF(E42="入所",1,IF(D42="退所",D95-1,D95)) -> 0 | F95: =IF(F42="入所",1,IF(E42="退所",E95-1,E95)) -> 0 | G95: =IF(G42="入所",1,IF(F42="退所",F95-1,F95)) -> 0 | H95: =IF(H42="入所",1,IF(G42="退所",G95-1,G95)) -> 0 | I95: =IF(I42="入所",1,IF(H42="退所",H95-1,H95)) -> 0 | J95: =IF(J42="入所",1,IF(I42="退所",I95-1,I95)) -> 0 | K95: =IF(K42="入所",1,IF(J42="退所",J95-1,J95)) -> 0 | L95: =IF(L42="入所",1,IF(K42="退所",K95-1,K95)) -> 0 | ... AI95: =IF(AI42="入所",1,IF(AH42="退所",AH95-1,AH95)) -> 0
B96: =IF(ISBLANK(【入力】利用者台帳!C22),"",【入力】利用者台帳!C22) -> 仲里 克彦 | D96: =IF(IFERROR(MATCH("退所",$E44:$AI44,0),0)=0,0,IF(IFERROR(MATCH("退所",$E44:$AI44,0),0)<IFERROR(MATCH("入所",$E44:$AI44,0),100),1,0)) -> 0 | E96: =IF(E44="入所",1,IF(D44="退所",D96-1,D96)) -> 0 | F96: =IF(F44="入所",1,IF(E44="退所",E96-1,E96)) -> 0 | G96: =IF(G44="入所",1,IF(F44="退所",F96-1,F96)) -> 0 | H96: =IF(H44="入所",1,IF(G44="退所",G96-1,G96)) -> 0 | I96: =IF(I44="入所",1,IF(H44="退所",H96-1,H96)) -> 0 | J96: =IF(J44="入所",1,IF(I44="退所",I96-1,I96)) -> 0 | K96: =IF(K44="入所",1,IF(J44="退所",J96-1,J96)) -> 0 | L96: =IF(L44="入所",1,IF(K44="退所",K96-1,K96)) -> 0 | ... AI96: =IF(AI44="入所",1,IF(AH44="退所",AH96-1,AH96)) -> 0
B97: =IF(ISBLANK(【入力】利用者台帳!C23),"",【入力】利用者台帳!C23) -> 二宮 身延 | D97: =IF(IFERROR(MATCH("退所",$E46:$AI46,0),0)=0,0,IF(IFERROR(MATCH("退所",$E46:$AI46,0),0)<IFERROR(MATCH("入所",$E46:$AI46,0),100),1,0)) -> 0 | E97: =IF(E46="入所",1,IF(D46="退所",D97-1,D97)) -> 0 | F97: =IF(F46="入所",1,IF(E46="退所",E97-1,E97)) -> 0 | G97: =IF(G46="入所",1,IF(F46="退所",F97-1,F97)) -> 0 | H97: =IF(H46="入所",1,IF(G46="退所",G97-1,G97)) -> 0 | I97: =IF(I46="入所",1,IF(H46="退所",H97-1,H97)) -> 0 | J97: =IF(J46="入所",1,IF(I46="退所",I97-1,I97)) -> 0 | K97: =IF(K46="入所",1,IF(J46="退所",J97-1,J97)) -> 0 | L97: =IF(L46="入所",1,IF(K46="退所",K97-1,K97)) -> 0 | ... AI97: =IF(AI46="入所",1,IF(AH46="退所",AH97-1,AH97)) -> 0
B98: =IF(ISBLANK(【入力】利用者台帳!C24),"",【入力】利用者台帳!C24) -> 初谷 キイ | D98: =IF(IFERROR(MATCH("退所",$E48:$AI48,0),0)=0,0,IF(IFERROR(MATCH("退所",$E48:$AI48,0),0)<IFERROR(MATCH("入所",$E48:$AI48,0),100),1,0)) -> 0 | E98: =IF(E48="入所",1,IF(D48="退所",D98-1,D98)) -> 0 | F98: =IF(F48="入所",1,IF(E48="退所",E98-1,E98)) -> 0 | G98: =IF(G48="入所",1,IF(F48="退所",F98-1,F98)) -> 0 | H98: =IF(H48="入所",1,IF(G48="退所",G98-1,G98)) -> 0 | I98: =IF(I48="入所",1,IF(H48="退所",H98-1,H98)) -> 0 | J98: =IF(J48="入所",1,IF(I48="退所",I98-1,I98)) -> 0 | K98: =IF(K48="入所",1,IF(J48="退所",J98-1,J98)) -> 0 | L98: =IF(L48="入所",1,IF(K48="退所",K98-1,K98)) -> 0 | ... AI98: =IF(AI48="入所",1,IF(AH48="退所",AH98-1,AH98)) -> 0
B99: =IF(ISBLANK(【入力】利用者台帳!C25),"",【入力】利用者台帳!C25) -> 星野 仁江 | D99: =IF(IFERROR(MATCH("退所",$E50:$AI50,0),0)=0,0,IF(IFERROR(MATCH("退所",$E50:$AI50,0),0)<IFERROR(MATCH("入所",$E50:$AI50,0),100),1,0)) -> 0 | E99: =IF(E50="入所",1,IF(D50="退所",D99-1,D99)) -> 0 | F99: =IF(F50="入所",1,IF(E50="退所",E99-1,E99)) -> 0 | G99: =IF(G50="入所",1,IF(F50="退所",F99-1,F99)) -> 0 | H99: =IF(H50="入所",1,IF(G50="退所",G99-1,G99)) -> 0 | I99: =IF(I50="入所",1,IF(H50="退所",H99-1,H99)) -> 0 | J99: =IF(J50="入所",1,IF(I50="退所",I99-1,I99)) -> 0 | K99: =IF(K50="入所",1,IF(J50="退所",J99-1,J99)) -> 0 | L99: =IF(L50="入所",1,IF(K50="退所",K99-1,K99)) -> 0 | ... AI99: =IF(AI50="入所",1,IF(AH50="退所",AH99-1,AH99)) -> 0
B100: =IF(ISBLANK(【入力】利用者台帳!C26),"",【入力】利用者台帳!C26) -> 堀田 節子 | D100: =IF(IFERROR(MATCH("退所",$E52:$AI52,0),0)=0,0,IF(IFERROR(MATCH("退所",$E52:$AI52,0),0)<IFERROR(MATCH("入所",$E52:$AI52,0),100),1,0)) -> 0 | E100: =IF(E52="入所",1,IF(D52="退所",D100-1,D100)) -> 0 | F100: =IF(F52="入所",1,IF(E52="退所",E100-1,E100)) -> 0 | G100: =IF(G52="入所",1,IF(F52="退所",F100-1,F100)) -> 0 | H100: =IF(H52="入所",1,IF(G52="退所",G100-1,G100)) -> 0 | I100: =IF(I52="入所",1,IF(H52="退所",H100-1,H100)) -> 0 | J100: =IF(J52="入所",1,IF(I52="退所",I100-1,I100)) -> 0 | K100: =IF(K52="入所",1,IF(J52="退所",J100-1,J100)) -> 0 | L100: =IF(L52="入所",1,IF(K52="退所",K100-1,K100)) -> 0 | ... AI100: =IF(AI52="入所",1,IF(AH52="退所",AH100-1,AH100)) -> 0
B101: =IF(ISBLANK(【入力】利用者台帳!C27),"",【入力】利用者台帳!C27) -> 宮本 美代子 | D101: =IF(IFERROR(MATCH("退所",$E54:$AI54,0),0)=0,0,IF(IFERROR(MATCH("退所",$E54:$AI54,0),0)<IFERROR(MATCH("入所",$E54:$AI54,0),100),1,0)) -> 0 | E101: =IF(E54="入所",1,IF(D54="退所",D101-1,D101)) -> 0 | F101: =IF(F54="入所",1,IF(E54="退所",E101-1,E101)) -> 0 | G101: =IF(G54="入所",1,IF(F54="退所",F101-1,F101)) -> 0 | H101: =IF(H54="入所",1,IF(G54="退所",G101-1,G101)) -> 0 | I101: =IF(I54="入所",1,IF(H54="退所",H101-1,H101)) -> 0 | J101: =IF(J54="入所",1,IF(I54="退所",I101-1,I101)) -> 0 | K101: =IF(K54="入所",1,IF(J54="退所",J101-1,J101)) -> 0 | L101: =IF(L54="入所",1,IF(K54="退所",K101-1,K101)) -> 0 | ... AI101: =IF(AI54="入所",1,IF(AH54="退所",AH101-1,AH101)) -> 0
B102: =IF(ISBLANK(【入力】利用者台帳!C28),"",【入力】利用者台帳!C28) -> 山地 チヨ | D102: =IF(IFERROR(MATCH("退所",$E56:$AI56,0),0)=0,0,IF(IFERROR(MATCH("退所",$E56:$AI56,0),0)<IFERROR(MATCH("入所",$E56:$AI56,0),100),1,0)) -> 0 | E102: =IF(E56="入所",1,IF(D56="退所",D102-1,D102)) -> 0 | F102: =IF(F56="入所",1,IF(E56="退所",E102-1,E102)) -> 0 | G102: =IF(G56="入所",1,IF(F56="退所",F102-1,F102)) -> 0 | H102: =IF(H56="入所",1,IF(G56="退所",G102-1,G102)) -> 0 | I102: =IF(I56="入所",1,IF(H56="退所",H102-1,H102)) -> 0 | J102: =IF(J56="入所",1,IF(I56="退所",I102-1,I102)) -> 0 | K102: =IF(K56="入所",1,IF(J56="退所",J102-1,J102)) -> 0 | L102: =IF(L56="入所",1,IF(K56="退所",K102-1,K102)) -> 0 | ... AI102: =IF(AI56="入所",1,IF(AH56="退所",AH102-1,AH102)) -> 0
B103: =IF(ISBLANK(【入力】利用者台帳!C29),"",【入力】利用者台帳!C29) -> 山本 令郎 | D103: =IF(IFERROR(MATCH("退所",$E58:$AI58,0),0)=0,0,IF(IFERROR(MATCH("退所",$E58:$AI58,0),0)<IFERROR(MATCH("入所",$E58:$AI58,0),100),1,0)) -> 0 | E103: =IF(E58="入所",1,IF(D58="退所",D103-1,D103)) -> 0 | F103: =IF(F58="入所",1,IF(E58="退所",E103-1,E103)) -> 0 | G103: =IF(G58="入所",1,IF(F58="退所",F103-1,F103)) -> 0 | H103: =IF(H58="入所",1,IF(G58="退所",G103-1,G103)) -> 0 | I103: =IF(I58="入所",1,IF(H58="退所",H103-1,H103)) -> 0 | J103: =IF(J58="入所",1,IF(I58="退所",I103-1,I103)) -> 0 | K103: =IF(K58="入所",1,IF(J58="退所",J103-1,J103)) -> 0 | L103: =IF(L58="入所",1,IF(K58="退所",K103-1,K103)) -> 0 | ... AI103: =IF(AI58="入所",1,IF(AH58="退所",AH103-1,AH103)) -> 0
B104: =IF(ISBLANK(【入力】利用者台帳!C30),"",【入力】利用者台帳!C30) -> 吉田 良子 | D104: =IF(IFERROR(MATCH("退所",$E60:$AI60,0),0)=0,0,IF(IFERROR(MATCH("退所",$E60:$AI60,0),0)<IFERROR(MATCH("入所",$E60:$AI60,0),100),1,0)) -> 0 | E104: =IF(E60="入所",1,IF(D60="退所",D104-1,D104)) -> 0 | F104: =IF(F60="入所",1,IF(E60="退所",E104-1,E104)) -> 0 | G104: =IF(G60="入所",1,IF(F60="退所",F104-1,F104)) -> 0 | H104: =IF(H60="入所",1,IF(G60="退所",G104-1,G104)) -> 0 | I104: =IF(I60="入所",1,IF(H60="退所",H104-1,H104)) -> 0 | J104: =IF(J60="入所",1,IF(I60="退所",I104-1,I104)) -> 0 | K104: =IF(K60="入所",1,IF(J60="退所",J104-1,J104)) -> 0 | L104: =IF(L60="入所",1,IF(K60="退所",K104-1,K104)) -> 0 | ... AI104: =IF(AI60="入所",1,IF(AH60="退所",AH104-1,AH104)) -> 0
...

Sheet 【入力】調整表
A1: =DATE(【設定】基本情報!$B$2,【設定】基本情報!$B$3,1) -> 45992 | E1: =$A$1 -> 45992 | F1: =E1+1 -> 45993 | G1: =F1+1 -> 45994 | H1: =G1+1 -> 45995 | I1: =H1+1 -> 45996 | J1: =I1+1 -> 45997 | K1: =J1+1 -> 45998 | L1: =K1+1 -> 45999 | M1: =L1+1 -> 46000 | ... AI1: =AH1+1 -> 46022
E2: =E1 -> 45992 | F2: =F1 -> 45993 | G2: =G1 -> 45994 | H2: =H1 -> 45995 | I2: =I1 -> 45996 | J2: =J1 -> 45997 | K2: =K1 -> 45998 | L2: =L1 -> 45999 | ... AI2: =AI1 -> 46022 | AJ2: 合計
A3: 調整表 | D3: 泊り | E3: =COUNTIFS($D$113:$D$176,"通泊",E$113:E$176,入所日)+COUNTIFS($D$113:$D$176,"通泊",E$113:E$176,連泊日) -> 9 | F3: =COUNTIFS($D$113:$D$176,"通泊",F$113:F$176,入所日)+COUNTIFS($D$113:$D$176,"通泊",F$113:F$176,連泊日) -> 10 | G3: =COUNTIFS($D$113:$D$176,"通泊",G$113:G$176,入所日)+COUNTIFS($D$113:$D$176,"通泊",G$113:G$176,連泊日) -> 10 | H3: =COUNTIFS($D$113:$D$176,"通泊",H$113:H$176,入所日)+COUNTIFS($D$113:$D$176,"通泊",H$113:H$176,連泊日) -> 9 | I3: =COUNTIFS($D$113:$D$176,"通泊",I$113:I$176,入所日)+COUNTIFS($D$113:$D$176,"通泊",I$113:I$176,連泊日) -> 9 | J3: =COUNTIFS($D$113:$D$176,"通泊",J$113:J$176,入所日)+COUNTIFS($D$113:$D$176,"通泊",J$113:J$176,連泊日) -> 10 | K3: =COUNTIFS($D$113:$D$176,"通泊",K$113:K$176,入所日)+COUNTIFS($D$113:$D$176,"通泊",K$113:K$176,連泊日) -> 10 | L3: =COUNTIFS($D$113:$D$176,"通泊",L$113:L$176,入所日)+COUNTIFS($D$113:$D$176,"通泊",L$113:L$176,連泊日) -> 10 | ... AI3: =COUNTIFS($D$113:$D$176,"通泊",AI$113:AI$176,入所日)+COUNTIFS($D$113:$D$176,"通泊",AI$113:AI$176,連泊日) -> 8 | AJ3: =SUM(OFFSET($E3,0,0,1,【設定】基本情報!$B$4)) -> 256
D4: 通い | E4: =E$3+COUNTIFS($D$113:$D$176,"通泊",E$113:E$176,退所日)+COUNTIFS($D$113:$D$176,"通泊",E$113:E$176,通いの日) -> 19 | F4: =F$3+COUNTIFS($D$113:$D$176,"通泊",F$113:F$176,退所日)+COUNTIFS($D$113:$D$176,"通泊",F$113:F$176,通いの日) -> 20 | G4: =G$3+COUNTIFS($D$113:$D$176,"通泊",G$113:G$176,退所日)+COUNTIFS($D$113:$D$176,"通泊",G$113:G$176,通いの日) -> 19 | H4: =H$3+COUNTIFS($D$113:$D$176,"通泊",H$113:H$176,退所日)+COUNTIFS($D$113:$D$176,"通泊",H$113:H$176,通いの日) -> 18 | I4: =I$3+COUNTIFS($D$113:$D$176,"通泊",I$113:I$176,退所日)+COUNTIFS($D$113:$D$176,"通泊",I$113:I$176,通いの日) -> 18 | J4: =J$3+COUNTIFS($D$113:$D$176,"通泊",J$113:J$176,退所日)+COUNTIFS($D$113:$D$176,"通泊",J$113:J$176,通いの日) -> 20 | K4: =K$3+COUNTIFS($D$113:$D$176,"通泊",K$113:K$176,退所日)+COUNTIFS($D$113:$D$176,"通泊",K$113:K$176,通いの日) -> 15 | L4: =L$3+COUNTIFS($D$113:$D$176,"通泊",L$113:L$176,退所日)+COUNTIFS($D$113:$D$176,"通泊",L$113:L$176,通いの日) -> 19 | ... AI4: =AI$3+COUNTIFS($D$113:$D$176,"通泊",AI$113:AI$176,退所日)+COUNTIFS($D$113:$D$176,"通泊",AI$113:AI$176,通いの日) -> 18 | AJ4: =SUM(OFFSET($E4,0,0,1,【設定】基本情報!$B$4)) -> 547
D5: 訪問 | E5: =SUMIF($D$113:$D$176,"訪問",E$113:E$176) -> 17 | F5: =SUMIF($D$113:$D$176,"訪問",F$113:F$176) -> 16 | G5: =SUMIF($D$113:$D$176,"訪問",G$113:G$176) -> 14 | H5: =SUMIF($D$113:$D$176,"訪問",H$113:H$176) -> 18 | I5: =SUMIF($D$113:$D$176,"訪問",I$113:I$176) -> 14 | J5: =SUMIF($D$113:$D$176,"訪問",J$113:J$176) -> 12 | K5: =SUMIF($D$113:$D$176,"訪問",K$113:K$176) -> 9 | L5: =SUMIF($D$113:$D$176,"訪問",L$113:L$176) -> 16 | ... AI5: =SUMIF($D$113:$D$176,"訪問",AI$113:AI$176) -> 14 | AJ5: =SUM(OFFSET($E5,0,0,1,【設定】基本情報!$B$4)) -> 452 | AK5: =SUM(OFFSET($E6,0,0,1,【設定】基本情報!$B$4)) -> 452
D6: 訪介 | E6: =SUMIFS(E$113:E$176,$D$113:$D$176,"訪問",$AK$113:$AK$176,1) -> 17 | F6: =SUMIFS(F$113:F$176,$D$113:$D$176,"訪問",$AK$113:$AK$176,1) -> 16 | G6: =SUMIFS(G$113:G$176,$D$113:$D$176,"訪問",$AK$113:$AK$176,1) -> 14 | H6: =SUMIFS(H$113:H$176,$D$113:$D$176,"訪問",$AK$113:$AK$176,1) -> 18 | I6: =SUMIFS(I$113:I$176,$D$113:$D$176,"訪問",$AK$113:$AK$176,1) -> 14 | J6: =SUMIFS(J$113:J$176,$D$113:$D$176,"訪問",$AK$113:$AK$176,1) -> 12 | K6: =SUMIFS(K$113:K$176,$D$113:$D$176,"訪問",$AK$113:$AK$176,1) -> 9 | L6: =SUMIFS(L$113:L$176,$D$113:$D$176,"訪問",$AK$113:$AK$176,1) -> 16 | ... AI6: =SUMIFS(AI$113:AI$176,$D$113:$D$176,"訪問",$AK$113:$AK$176,1) -> 14
A7: =B7 -> 青砥 美秋 | B7: =IF(ISBLANK(【入力】利用者台帳!C3),"",【入力】利用者台帳!C3) -> 青砥 美秋 | C7: =IF(ISBLANK(【入力】利用者台帳!D3),"",【入力】利用者台帳!D3) | D7: 通泊 | F7: 1 | H7: 1 | J7: 1 | M7: 1 | O7: 1 | Q7: 1 | T7: 1 | V7: 1 | X7: 1 | AA7: 1 | AC7: 1 | AE7: 1 | AH7: 1 | AJ7: 火木土 体操の日は月曜希望２．４？
B8: =IF(ISBLANK(【入力】利用者台帳!C3),"",【入力】利用者台帳!C3) -> 青砥 美秋 | C8: =IF(ISBLANK(【入力】利用者台帳!D3),"",【入力】利用者台帳!D3) | D8: 訪問
A9: =B9 -> 安藤 敏子 | B9: =IF(ISBLANK(【入力】利用者台帳!C4),"",【入力】利用者台帳!C4) -> 安藤 敏子 | C9: =IF(ISBLANK(【入力】利用者台帳!D4),"",【入力】利用者台帳!D4) -> 要介護5 | D9: 通泊 | E9: 退所 | F9: 入所 | H9: 退所 | J9: 入所 | L9: 退所 | M9: 入所 | O9: 退所 | Q9: 入所 | S9: 退所 | T9: 入所 | V9: 退所 | X9: 入所 | Z9: 退所 | AA9: 入所 | AC9: 退所 | AE9: 入所 | AG9: 退所 | AH9: 入所 | AJ9: 2泊3日＋2泊3日 変更可
B10: =IF(ISBLANK(【入力】利用者台帳!C4),"",【入力】利用者台帳!C4) -> 安藤 敏子 | C10: =IF(ISBLANK(【入力】利用者台帳!D4),"",【入力】利用者台帳!D4) -> 要介護5 | D10: 訪問 | F10: 1 | J10: 1 | M10: 1 | Q10: 1 | T10: 1 | X10: 1 | AA10: 1 | AE10: 1 | AH10: 1
A11: =B11 -> 石井 さち子 | B11: =IF(ISBLANK(【入力】利用者台帳!C5),"",【入力】利用者台帳!C5) -> 石井 さち子 | C11: =IF(ISBLANK(【入力】利用者台帳!D5),"",【入力】利用者台帳!D5) -> 要介護3 | D11: 通泊 | E11: 1 | F11: 入所 | I11: 退所 | J11: 1 | L11: 1 | M11: 1 | N11: 1 | O11: 1 | P11: 1 | Q11: 1 | S11: 入所 | W11: 退所 | X11: 1 | Z11: 1 | AA11: 1 | AB11: 1 | AC11: 1 | AD11: 1 | AE11: 1 | AG11: 1 | AH11: 1 | AI11: 1 | AJ11: 日曜休み 朝9：40～10、20時迎え 土曜は10時～半の間。木曜２回は11時(訪診)
B12: =IF(ISBLANK(【入力】利用者台帳!C5),"",【入力】利用者台帳!C5) -> 石井 さち子 | C12: =IF(ISBLANK(【入力】利用者台帳!D5),"",【入力】利用者台帳!D5) -> 要介護3 | D12: 訪問
A13: =B13 -> 石橋 冨士代 | B13: =IF(ISBLANK(【入力】利用者台帳!C6),"",【入力】利用者台帳!C6) -> 石橋 冨士代 | C13: =IF(ISBLANK(【入力】利用者台帳!D6),"",【入力】利用者台帳!D6) -> 要介護1 | D13: 通泊 | G13: 1 | I13: 1 | J13: 1 | K13: 1 | M13: 1 | P13: 1 | Q13: 1 | R13: 1 | T13: 1 | W13: 1 | X13: 1 | Y13: 1 | AA13: 1 | AB13: 1 | AD13: 1 | AF13: 1 | AH13: 1 | AI13: 1 | AJ13: 木曜リハ16時～
B14: =IF(ISBLANK(【入力】利用者台帳!C6),"",【入力】利用者台帳!C6) -> 石橋 冨士代 | C14: =IF(ISBLANK(【入力】利用者台帳!D6),"",【入力】利用者台帳!D6) -> 要介護1 | D14: 訪問
A15: =B15 -> 伊藤 シゲ | B15: =IF(ISBLANK(【入力】利用者台帳!C7),"",【入力】利用者台帳!C7) -> 伊藤 シゲ | C15: =IF(ISBLANK(【入力】利用者台帳!D7),"",【入力】利用者台帳!D7) -> 要介護3 | D15: 通泊 | P15: 退所 | R15: 入所 | AD15: 退所 | AF15: 入所 | AJ15: ９：００まで 16:30以降、１７：００以降が良い
B16: =IF(ISBLANK(【入力】利用者台帳!C7),"",【入力】利用者台帳!C7) -> 伊藤 シゲ | C16: =IF(ISBLANK(【入力】利用者台帳!D7),"",【入力】利用者台帳!D7) -> 要介護3 | D16: 訪問 | P16: 1 | AD16: 1 | AJ16: 日曜は10時前後希望
A17: =B17 -> 伊藤 ミツ | B17: =IF(ISBLANK(【入力】利用者台帳!C8),"",【入力】利用者台帳!C8) -> 伊藤 ミツ | C17: =IF(ISBLANK(【入力】利用者台帳!D8),"",【入力】利用者台帳!D8) -> 要介護3 | D17: 通泊 | F17: 1 | H17: 1 | J17: 入所 | K17: 退所 | M17: 1 | O17: 1 | Q17: 入所 | R17: 退所 | T17: 1 | V17: 1 | X17: 入所 | Y17: 退所 | AA17: 1 | AC17: 1 | AE17: 入所 | AF17: 退所 | AH17: 1 | AJ17: 月曜訪問看護,週１程宿泊希望
B18: =IF(ISBLANK(【入力】利用者台帳!C8),"",【入力】利用者台帳!C8) -> 伊藤 ミツ | C18: =IF(ISBLANK(【入力】利用者台帳!D8),"",【入力】利用者台帳!D8) -> 要介護3 | D18: 訪問 | F18: 2 | G18: 1 | H18: 2 | I18: 1 | J18: 1 | K18: 1 | M18: 2 | N18: 1 | O18: 2 | P18: 1 | Q18: 1 | R18: 1 | T18: 2 | U18: 1 | V18: 2 | W18: 1 | X18: 1 | Y18: 1 | AA18: 2 | AB18: 1 | AC18: 2 | AD18: 1 | AE18: 1 | AF18: 1 | AH18: 2 | AI18: 1 | AJ18: ※年末年始以外は祝日訪看護有
A19: =B19 -> 岩永 里子 | B19: =IF(ISBLANK(【入力】利用者台帳!C9),"",【入力】利用者台帳!C9) -> 岩永 里子 | C19: =IF(ISBLANK(【入力】利用者台帳!D9),"",【入力】利用者台帳!D9) -> 要介護3 | D19: 通泊 | E19: 1 | G19: 1 | I19: 1 | L19: 1 | N19: 1 | P19: 1 | S19: 1 | U19: 1 | W19: 1 | Z19: 1 | AB19: 1 | AD19: 1 | AG19: 1 | AI19: 入所 | AJ19: 通所：月木＋家族要望
B20: =IF(ISBLANK(【入力】利用者台帳!C9),"",【入力】利用者台帳!C9) -> 岩永 里子 | C20: =IF(ISBLANK(【入力】利用者台帳!D9),"",【入力】利用者台帳!D9) -> 要介護3 | D20: 訪問 | E20: 2 | F20: 1 | G20: 2 | H20: 1 | I20: 2 | L20: 2 | M20: 1 | N20: 2 | O20: 1 | P20: 2 | S20: 2 | T20: 1 | U20: 2 | V20: 1 | W20: 2 | Z20: 2 | AA20: 1 | AB20: 2 | AC20: 1 | AD20: 2 | AG20: 2 | AH20: 1 | AI20: 1 | AJ20: 朝：９時台 夕：１７時前後 隣に行ってしまう
A21: =B21 -> 川原 克子 | B21: =IF(ISBLANK(【入力】利用者台帳!C10),"",【入力】利用者台帳!C10) -> 川原 克子 | C21: =IF(ISBLANK(【入力】利用者台帳!D10),"",【入力】利用者台帳!D10) -> 要介護4 | D21: 通泊 | E21: 入所 | F21: 退所 | G21: 入所 | H21: 退所 | I21: 入所 | J21: 退所 | K21: 入所 | O21: 退所 | S21: 1 | U21: 1 | X21: 1 | Z21: 1 | AB21: 1 | AE21: 1 | AG21: 1 | AJ21: 月水土 家族公演時にほぼ毎日利用
B22: =IF(ISBLANK(【入力】利用者台帳!C10),"",【入力】利用者台帳!C10) -> 川原 克子 | C22: =IF(ISBLANK(【入力】利用者台帳!D10),"",【入力】利用者台帳!D10) -> 要介護4 | D22: 訪問
A23: =B23 -> 工藤 信代 | B23: =IF(ISBLANK(【入力】利用者台帳!C11),"",【入力】利用者台帳!C11) -> 工藤 信代 | C23: =IF(ISBLANK(【入力】利用者台帳!D11),"",【入力】利用者台帳!D11) -> 要介護2 | D23: 通泊 | E23: 退所 | F23: 1 | H23: 1 | J23: 入所 | L23: 退所 | M23: 1 | O23: 1 | S23: 1 | T23: 1 | V23: 1 | X23: 入所 | Z23: 退所 | AA23: 1 | AC23: 1 | AE23: 入所 | AG23: 退所 | AH23: 1 | AI23: 1 | AJ23: 火・木・土～月
B24: =IF(ISBLANK(【入力】利用者台帳!C11),"",【入力】利用者台帳!C11) -> 工藤 信代 | C24: =IF(ISBLANK(【入力】利用者台帳!D11),"",【入力】利用者台帳!D11) -> 要介護2 | D24: 訪問 | E24: 1 | F24: 2 | H24: 2 | J24: 1 | L24: 1 | M24: 2 | O24: 2 | S24: 2 | T24: 2 | V24: 2 | X24: 1 | Z24: 1 | AA24: 2 | AC24: 2 | AE24: 1 | AG24: 1 | AH24: 2 | AI24: 2
A25: =B25 -> 坂本 みつ子 | B25: =IF(ISBLANK(【入力】利用者台帳!C12),"",【入力】利用者台帳!C12) -> 坂本 みつ子 | C25: =IF(ISBLANK(【入力】利用者台帳!D12),"",【入力】利用者台帳!D12) -> 要介護1 | D25: 通泊 | G25: 1 | J25: 1 | N25: 1 | Q25: 1 | U25: 1 | X25: 1 | AB25: 1 | AE25: 1 | AI25: 1 | AJ25: 訪問：３
B26: =IF(ISBLANK(【入力】利用者台帳!C12),"",【入力】利用者台帳!C12) -> 坂本 みつ子 | C26: =IF(ISBLANK(【入力】利用者台帳!D12),"",【入力】利用者台帳!D12) -> 要介護1 | D26: 訪問 | E26: 3 | F26: 3 | G26: 3 | H26: 3 | I26: 3 | J26: 3 | K26: 3 | L26: 3 | M26: 3 | N26: 3 | O26: 3 | P26: 3 | Q26: 3 | R26: 3 | S26: 3 | T26: 3 | U26: 3 | V26: 3 | W26: 3 | X26: 3 | Y26: 3 | Z26: 3 | AA26: 3 | AB26: 3 | AC26: 3 | AD26: 3 | AE26: 3 | AF26: 3 | AG26: 3 | AH26: 3 | AI26: 3
A27: =B27 -> 佐々木敦子 | B27: =IF(ISBLANK(【入力】利用者台帳!C13),"",【入力】利用者台帳!C13) -> 佐々木敦子 | C27: =IF(ISBLANK(【入力】利用者台帳!D13),"",【入力】利用者台帳!D13) -> 要介護4 | D27: 通泊 | E27: 入所 | I27: 退所 | L27: 入所 | P27: 退所 | S27: 入所 | W27: 退所 | Z27: 入所 | AJ27: 月曜リハビリ９:２０－１０:００ 金曜１７：４５
B28: =IF(ISBLANK(【入力】利用者台帳!C13),"",【入力】利用者台帳!C13) -> 佐々木敦子 | C28: =IF(ISBLANK(【入力】利用者台帳!D13),"",【入力】利用者台帳!D13) -> 要介護4 | D28: 訪問 | E28: 1 | I28: 1 | L28: 1 | P28: 1 | S28: 1 | W28: 1 | Z28: 1 | AJ28: 第3金曜訪問診療AM帰宅？
A29: =B29 -> 澤井 節子 | B29: =IF(ISBLANK(【入力】利用者台帳!C14),"",【入力】利用者台帳!C14) -> 澤井 節子 | C29: =IF(ISBLANK(【入力】利用者台帳!D14),"",【入力】利用者台帳!D14) -> 要介護1 | D29: 通泊 | E29: 退所 | G29: 1 | I29: 1 | K29: 1 | N29: 1 | P29: 1 | R29: 入所 | S29: 退所 | U29: 1 | W29: 1 | Y29: 1 | AA29: 入所 | AB29: 退所 | AD29: 1 | AF29: 1 | AI29: 1 | AJ29: 月１火か木曜歯科
B30: =IF(ISBLANK(【入力】利用者台帳!C14),"",【入力】利用者台帳!C14) -> 澤井 節子 | C30: =IF(ISBLANK(【入力】利用者台帳!D14),"",【入力】利用者台帳!D14) -> 要介護1 | D30: 訪問 | AJ30: 通所３(土肥さんと同じ日欲しい) 月に１泊2回
A31: =B31 -> 澤登 佳子 | B31: =IF(ISBLANK(【入力】利用者台帳!C15),"",【入力】利用者台帳!C15) -> 澤登 佳子 | C31: =IF(ISBLANK(【入力】利用者台帳!D15),"",【入力】利用者台帳!D15) -> 要介護2 | D31: 通泊 | Q31: 退所 | S31: 入所 | X31: 退所 | Z31: 入所 | AE31: 退所 | AG31: 入所 | AJ31: 月～土
B32: =IF(ISBLANK(【入力】利用者台帳!C15),"",【入力】利用者台帳!C15) -> 澤登 佳子 | C32: =IF(ISBLANK(【入力】利用者台帳!D15),"",【入力】利用者台帳!D15) -> 要介護2 | D32: 訪問 | Q32: 1 | S32: 1 | X32: 1 | Z32: 1 | AE32: 1 | AG32: 1
A33: =B33 -> 白井 加都子 | B33: =IF(ISBLANK(【入力】利用者台帳!C16),"",【入力】利用者台帳!C16) -> 白井 加都子 | C33: =IF(ISBLANK(【入力】利用者台帳!D16),"",【入力】利用者台帳!D16) -> 要介護1 | D33: 通泊 | E33: 1 | F33: 1 | G33: 1 | H33: 1 | I33: 1 | J33: 1 | L33: 1 | M33: 1 | N33: 1 | O33: 1 | P33: 1 | Q33: 1 | S33: 1 | T33: 1 | U33: 1 | V33: 1 | W33: 1 | X33: 1 | Z33: 1 | AA33: 1 | AB33: 1 | AC33: 1 | AD33: 1 | AE33: 1 | AG33: 1 | AH33: 1 | AJ33: 通所：月水金(土) 訪問：火木(土)
B34: =IF(ISBLANK(【入力】利用者台帳!C16),"",【入力】利用者台帳!C16) -> 白井 加都子 | C34: =IF(ISBLANK(【入力】利用者台帳!D16),"",【入力】利用者台帳!D16) -> 要介護1 | D34: 訪問 | E34: 2 | F34: 2 | G34: 2 | H34: 2 | I34: 2 | J34: 2 | L34: 2 | M34: 2 | N34: 2 | O34: 2 | P34: 2 | Q34: 2 | S34: 2 | T34: 2 | U34: 2 | V34: 2 | W34: 2 | X34: 2 | Z34: 2 | AA34: 2 | AB34: 2 | AC34: 2 | AD34: 2 | AE34: 2 | AG34: 2 | AH34: 2 | AJ34: 夏季のみ火木も通所
A35: =B35 -> 鈴木 育代 | B35: =IF(ISBLANK(【入力】利用者台帳!C17),"",【入力】利用者台帳!C17) -> 鈴木 育代 | C35: =IF(ISBLANK(【入力】利用者台帳!D17),"",【入力】利用者台帳!D17) -> 要介護4 | D35: 通泊 | E35: 入所 | I35: 退所 | L35: 入所 | P35: 退所 | S35: 入所 | W35: 退所 | Z35: 入所 | AD35: 退所 | AG35: 入所 | AJ35: 月：14時頃～金：18:00
B36: =IF(ISBLANK(【入力】利用者台帳!C17),"",【入力】利用者台帳!C17) -> 鈴木 育代 | C36: =IF(ISBLANK(【入力】利用者台帳!D17),"",【入力】利用者台帳!D17) -> 要介護4 | D36: 訪問 | E36: 1 | L36: 1 | S36: 1 | Z36: 1 | AG36: 1
A37: =B37 -> 高久 直美 | B37: =IF(ISBLANK(【入力】利用者台帳!C18),"",【入力】利用者台帳!C18) -> 高久 直美 | C37: =IF(ISBLANK(【入力】利用者台帳!D18),"",【入力】利用者台帳!D18) -> 要介護2 | D37: 通泊 | E37: 1 | F37: 1 | G37: 1 | H37: 1 | I37: 1 | J37: 1 | K37: 1 | L37: 1 | M37: 1 | N37: 1 | O37: 1 | P37: 1 | Q37: 1 | R37: 1 | S37: 1 | T37: 1 | U37: 1 | V37: 1 | W37: 1 | X37: 1 | Y37: 1 | Z37: 1 | AA37: 1 | AB37: 1 | AC37: 1 | AD37: 1 | AE37: 1 | AF37: 1 | AG37: 1 | AH37: 1 | AI37: 1 | AJ37: 不定期利用
B38: =IF(ISBLANK(【入力】利用者台帳!C18),"",【入力】利用者台帳!C18) -> 高久 直美 | C38: =IF(ISBLANK(【入力】利用者台帳!D18),"",【入力】利用者台帳!D18) -> 要介護2 | D38: 訪問
A39: =B39 -> 高橋 ハツコ | B39: =IF(ISBLANK(【入力】利用者台帳!C19),"",【入力】利用者台帳!C19) -> 高橋 ハツコ | C39: =IF(ISBLANK(【入力】利用者台帳!D19),"",【入力】利用者台帳!D19) -> 要介護1 | D39: 通泊 | F39: 入所 | G39: 退所 | J39: 入所 | L39: 退所 | N39: 入所 | O39: 退所 | Q39: 入所 | R39: 退所 | T39: 入所 | U39: 退所 | X39: 入所 | Z39: 退所 | AB39: 入所 | AC39: 退所 | AE39: 入所 | AG39: 退所 | AI39: 入所 | AJ39: 第1,3木曜AM自宅訪問診療
B40: =IF(ISBLANK(【入力】利用者台帳!C19),"",【入力】利用者台帳!C19) -> 高橋 ハツコ | C40: =IF(ISBLANK(【入力】利用者台帳!D19),"",【入力】利用者台帳!D19) -> 要介護1 | D40: 訪問 | E40: 3 | F40: 1 | G40: 2 | H40: 3 | I40: 3 | J40: 1 | L40: 2 | M40: 3 | N40: 1 | O40: 2 | P40: 3 | Q40: 1 | R40: 2 | S40: 3 | T40: 1 | U40: 2 | V40: 3 | W40: 3 | X40: 1 | Z40: 2 | AA40: 3 | AB40: 1 | AC40: 2 | AD40: 3 | AE40: 1 | AG40: 2 | AH40: 3 | AI40: 1
A41: =B41 -> 田中 保行 | B41: =IF(ISBLANK(【入力】利用者台帳!C20),"",【入力】利用者台帳!C20) -> 田中 保行 | C41: =IF(ISBLANK(【入力】利用者台帳!D20),"",【入力】利用者台帳!D20) -> 要介護3 | D41: 通泊 | F41: 1 | J41: 1 | M41: 1 | Q41: 1 | T41: 1 | X41: 1 | AA41: 1 | AE41: 1 | AH41: 1 | AJ41: 通所：火土 訪問：日水
B42: =IF(ISBLANK(【入力】利用者台帳!C20),"",【入力】利用者台帳!C20) -> 田中 保行 | C42: =IF(ISBLANK(【入力】利用者台帳!D20),"",【入力】利用者台帳!D20) -> 要介護3 | D42: 訪問 | G42: 1 | K42: 1 | N42: 1 | R42: 1 | U42: 1 | Y42: 1 | AB42: 1 | AF42: 1 | AI42: 1
A43: =B43 -> 土肥 俊江 | B43: =IF(ISBLANK(【入力】利用者台帳!C21),"",【入力】利用者台帳!C21) -> 土肥 俊江 | C43: =IF(ISBLANK(【入力】利用者台帳!D21),"",【入力】利用者台帳!D21) -> 要支援2 | D43: 通泊 | G43: 1 | N43: 1 | U43: 1 | AB43: 1 | AI43: 1 | AJ43: 通所：水
B44: =IF(ISBLANK(【入力】利用者台帳!C21),"",【入力】利用者台帳!C21) -> 土肥 俊江 | C44: =IF(ISBLANK(【入力】利用者台帳!D21),"",【入力】利用者台帳!D21) -> 要支援2 | D44: 訪問
A45: =B45 -> 仲里 克彦 | B45: =IF(ISBLANK(【入力】利用者台帳!C22),"",【入力】利用者台帳!C22) -> 仲里 克彦 | C45: =IF(ISBLANK(【入力】利用者台帳!D22),"",【入力】利用者台帳!D22) -> 要介護4 | D45: 通泊 | E45: 退所 | H45: 入所 | L45: 退所 | O45: 入所 | S45: 退所 | V45: 入所 | Z45: 退所 | AC45: 入所 | AG45: 退所 | AJ45: 火曜リハビリ(午前)・水曜訪問診療(午後１・３？)
B46: =IF(ISBLANK(【入力】利用者台帳!C22),"",【入力】利用者台帳!C22) -> 仲里 克彦 | C46: =IF(ISBLANK(【入力】利用者台帳!D22),"",【入力】利用者台帳!D22) -> 要介護4 | D46: 訪問 | H46: 1 | O46: 1 | V46: 1 | AC46: 1 | AJ46: 退所訪問なし
A47: =B47 -> 二宮 身延 | B47: =IF(ISBLANK(【入力】利用者台帳!C23),"",【入力】利用者台帳!C23) -> 二宮 身延 | C47: =IF(ISBLANK(【入力】利用者台帳!D23),"",【入力】利用者台帳!D23) -> 要介護4 | D47: 通泊 | E47: 退所 | G47: 1 | I47: 入所 | L47: 退所 | N47: 1 | P47: 入所 | S47: 退所 | V47: 1 | W47: 入所 | Z47: 退所 | AB47: 1 | AD47: 入所 | AG47: 退所 | AI47: 1 | AJ47: 金～月＋通所１
B48: =IF(ISBLANK(【入力】利用者台帳!C23),"",【入力】利用者台帳!C23) -> 二宮 身延 | C48: =IF(ISBLANK(【入力】利用者台帳!D23),"",【入力】利用者台帳!D23) -> 要介護4 | D48: 訪問 | E48: 1 | G48: 2 | I48: 1 | L48: 1 | N48: 2 | P48: 1 | S48: 1 | V48: 2 | W48: 1 | Z48: 1 | AB48: 2 | AD48: 1 | AG48: 1 | AI48: 2
A49: =B49 -> 初谷 キイ | B49: =IF(ISBLANK(【入力】利用者台帳!C24),"",【入力】利用者台帳!C24) -> 初谷 キイ | C49: =IF(ISBLANK(【入力】利用者台帳!D24),"",【入力】利用者台帳!D24) -> 要介護2 | D49: 通泊 | F49: 1 | I49: 1 | M49: 1 | P49: 1 | T49: 1 | W49: 1 | AA49: 1 | AD49: 1 | AH49: 1 | AJ49: 火金
B50: =IF(ISBLANK(【入力】利用者台帳!C24),"",【入力】利用者台帳!C24) -> 初谷 キイ | C50: =IF(ISBLANK(【入力】利用者台帳!D24),"",【入力】利用者台帳!D24) -> 要介護2 | D50: 訪問
A51: =B51 -> 星野 仁江 | B51: =IF(ISBLANK(【入力】利用者台帳!C25),"",【入力】利用者台帳!C25) -> 星野 仁江 | C51: =IF(ISBLANK(【入力】利用者台帳!D25),"",【入力】利用者台帳!D25) -> 要介護1 | D51: 通泊 | O51: 退所 | R51: 1 | V51: 1 | Y51: 1 | AC51: 1 | AF51: 1 | AJ51: 日木
B52: =IF(ISBLANK(【入力】利用者台帳!C25),"",【入力】利用者台帳!C25) -> 星野 仁江 | C52: =IF(ISBLANK(【入力】利用者台帳!D25),"",【入力】利用者台帳!D25) -> 要介護1 | D52: 訪問
A53: =B53 -> 堀田 節子 | B53: =IF(ISBLANK(【入力】利用者台帳!C26),"",【入力】利用者台帳!C26) -> 堀田 節子 | C53: =IF(ISBLANK(【入力】利用者台帳!D26),"",【入力】利用者台帳!D26) -> 要介護2 | D53: 通泊 | F53: 1 | H53: 1 | K53: 1 | N53: 1 | P53: 1 | R53: 1 | U53: 1 | W53: 1 | Y53: 1 | AB53: 1 | AD53: 1 | AF53: 1 | AI53: 1 | AJ53: 通所：３
B54: =IF(ISBLANK(【入力】利用者台帳!C26),"",【入力】利用者台帳!C26) -> 堀田 節子 | C54: =IF(ISBLANK(【入力】利用者台帳!D26),"",【入力】利用者台帳!D26) -> 要介護2 | D54: 訪問 | F54: 2 | H54: 2 | K54: 2 | N54: 2 | P54: 2 | R54: 2 | U54: 2 | W54: 2 | Y54: 2 | AB54: 2 | AD54: 2 | AF54: 2 | AI54: 2
A55: =B55 -> 宮本 美代子 | B55: =IF(ISBLANK(【入力】利用者台帳!C27),"",【入力】利用者台帳!C27) -> 宮本 美代子 | C55: =IF(ISBLANK(【入力】利用者台帳!D27),"",【入力】利用者台帳!D27) -> 要介護1 | D55: 通泊 | AJ55: 訪問：１
B56: =IF(ISBLANK(【入力】利用者台帳!C27),"",【入力】利用者台帳!C27) -> 宮本 美代子 | C56: =IF(ISBLANK(【入力】利用者台帳!D27),"",【入力】利用者台帳!D27) -> 要介護1 | D56: 訪問 | E56: 1 | F56: 1 | G56: 1 | H56: 1 | I56: 1 | J56: 1 | K56: 1 | L56: 1 | M56: 1 | N56: 1 | O56: 1 | P56: 1 | Q56: 1 | R56: 1 | S56: 1 | T56: 1 | U56: 1 | V56: 1 | W56: 1 | X56: 1 | Y56: 1 | Z56: 1 | AA56: 1 | AB56: 1 | AC56: 1 | AD56: 1 | AE56: 1 | AF56: 1 | AG56: 1 | AH56: 1 | AI56: 1
A57: =B57 -> 山地 チヨ | B57: =IF(ISBLANK(【入力】利用者台帳!C28),"",【入力】利用者台帳!C28) -> 山地 チヨ | C57: =IF(ISBLANK(【入力】利用者台帳!D28),"",【入力】利用者台帳!D28) -> 要介護2 | D57: 通泊 | E57: 入所 | F57: 退所 | H57: 入所 | J57: 退所 | L57: 入所 | M57: 退所 | O57: 入所 | Q57: 退所 | S57: 入所 | T57: 退所 | V57: 入所 | X57: 退所 | Z57: 入所 | AA57: 退所 | AC57: 入所 | AE57: 退所 | AG57: 入所 | AH57: 退所 | AJ57: 月～火・木～土
B58: =IF(ISBLANK(【入力】利用者台帳!C28),"",【入力】利用者台帳!C28) -> 山地 チヨ | C58: =IF(ISBLANK(【入力】利用者台帳!D28),"",【入力】利用者台帳!D28) -> 要介護2 | D58: 訪問 | E58: 1 | F58: 1 | H58: 1 | J58: 1 | L58: 1 | M58: 1 | O58: 1 | Q58: 1 | S58: 1 | T58: 1 | V58: 1 | X58: 1 | Z58: 1 | AA58: 1 | AC58: 1 | AE58: 1 | AG58: 1 | AH58: 1
A59: 山本 令郎 | B59: =IF(ISBLANK(【入力】利用者台帳!C29),"",【入力】利用者台帳!C29) -> 山本 令郎 | C59: =IF(ISBLANK(【入力】利用者台帳!D29),"",【入力】利用者台帳!D29) -> 要介護2 | D59: 通泊 | E59: 入所 | H59: 退所 | L59: 入所 | O59: 退所 | S59: 入所 | V59: 退所 | Z59: 入所 | AC59: 退所 | AG59: 入所 | AI59: 退所 | AJ59: ３泊４日 月は１０時まで迎え
B60: =IF(ISBLANK(【入力】利用者台帳!C29),"",【入力】利用者台帳!C29) -> 山本 令郎 | C60: =IF(ISBLANK(【入力】利用者台帳!D29),"",【入力】利用者台帳!D29) -> 要介護2 | D60: 訪問
A61: 吉田 良子 | B61: =IF(ISBLANK(【入力】利用者台帳!C30),"",【入力】利用者台帳!C30) -> 吉田 良子 | C61: =IF(ISBLANK(【入力】利用者台帳!D30),"",【入力】利用者台帳!D30) -> 要介護4 | D61: 通泊 | E61: 退所 | I61: 入所 | S61: 退所 | W61: 入所 | Z61: 退所 | AC61: 入所 | AH61: 退所 | AJ61: 金～月
B62: =IF(ISBLANK(【入力】利用者台帳!C30),"",【入力】利用者台帳!C30) -> 吉田 良子 | C62: =IF(ISBLANK(【入力】利用者台帳!D30),"",【入力】利用者台帳!D30) -> 要介護4 | D62: 訪問
A63: 渡邊 良子 | B63: =IF(ISBLANK(【入力】利用者台帳!C31),"",【入力】利用者台帳!C31) -> 渡邊 良子 | C63: =IF(ISBLANK(【入力】利用者台帳!D31),"",【入力】利用者台帳!D31) -> 要介護3 | D63: 通泊 | E63: 入所 | J63: 退所 | L63: 入所 | Q63: 退所 | S63: 入所 | X63: 退所 | Z63: 入所 | AE63: 退所 | AG63: 入所 | AJ63: 5泊6日 １訪問 日休
B64: =IF(ISBLANK(【入力】利用者台帳!C31),"",【入力】利用者台帳!C31) -> 渡邊 良子 | C64: =IF(ISBLANK(【入力】利用者台帳!D31),"",【入力】利用者台帳!D31) -> 要介護3 | D64: 訪問 | E64: 1 | J64: 1 | K64: 1 | L64: 1 | Q64: 1 | R64: 1 | S64: 1 | X64: 1 | Y64: 1 | Z64: 1 | AE64: 1 | AF64: 1 | AG64: 1 | AJ64: 第２，４水曜 訪問診療自宅
A65: =B65 | B65: =IF(ISBLANK(【入力】利用者台帳!C32),"",【入力】利用者台帳!C32) | C65: =IF(ISBLANK(【入力】利用者台帳!D32),"",【入力】利用者台帳!D32) | D65: 通泊
B66: =IF(ISBLANK(【入力】利用者台帳!C32),"",【入力】利用者台帳!C32) | C66: =IF(ISBLANK(【入力】利用者台帳!D32),"",【入力】利用者台帳!D32) | D66: 訪問
A67: =B67 | B67: =IF(ISBLANK(【入力】利用者台帳!C33),"",【入力】利用者台帳!C33) | C67: =IF(ISBLANK(【入力】利用者台帳!D33),"",【入力】利用者台帳!D33) | D67: 通泊
B68: =IF(ISBLANK(【入力】利用者台帳!C33),"",【入力】利用者台帳!C33) | C68: =IF(ISBLANK(【入力】利用者台帳!D33),"",【入力】利用者台帳!D33) | D68: 訪問
A69: =B69 | B69: =IF(ISBLANK(【入力】利用者台帳!C34),"",【入力】利用者台帳!C34) | C69: =IF(ISBLANK(【入力】利用者台帳!D34),"",【入力】利用者台帳!D34) | D69: 通泊
B70: =IF(ISBLANK(【入力】利用者台帳!C34),"",【入力】利用者台帳!C34) | C70: =IF(ISBLANK(【入力】利用者台帳!D34),"",【入力】利用者台帳!D34) | D70: 訪問
B74: 宿泊フラグ設定テーブル（下の予定調整確定テーブル設定の前段階処理）
B75: ※入所から退所まで含み泊りには1、それ以外は０を設定する。なおD列に限っては、当月初回の入力に基づいて泊りかそれ以外かを設定する。
B76: ※エラー値について ： 入退所間の多重入力（入所、通い）については問題なし。退所の多重入力（退所後に退所）はマイナス値があるも処理に影響なし。
B77: =IF(ISBLANK(【入力】利用者台帳!C3),"",【入力】利用者台帳!C3) -> 青砥 美秋 | D77: =IF(IFERROR(MATCH("退所",$E7:$AI7,0),0)=0,0,IF(IFERROR(MATCH("退所",$E7:$AI7,0),0)<IFERROR(MATCH("入所",$E7:$AI7,0),100),1,0)) -> 0 | E77: =IF(E7="入所",1,IF(D7="退所",D77-1,D77)) -> 0 | F77: =IF(F7="入所",1,IF(E7="退所",E77-1,E77)) -> 0 | G77: =IF(G7="入所",1,IF(F7="退所",F77-1,F77)) -> 0 | H77: =IF(H7="入所",1,IF(G7="退所",G77-1,G77)) -> 0 | I77: =IF(I7="入所",1,IF(H7="退所",H77-1,H77)) -> 0 | J77: =IF(J7="入所",1,IF(I7="退所",I77-1,I77)) -> 0 | K77: =IF(K7="入所",1,IF(J7="退所",J77-1,J77)) -> 0 | L77: =IF(L7="入所",1,IF(K7="退所",K77-1,K77)) -> 0 | ... AI77: =IF(AI7="入所",1,IF(AH7="退所",AH77-1,AH77)) -> 0
B78: =IF(ISBLANK(【入力】利用者台帳!C4),"",【入力】利用者台帳!C4) -> 安藤 敏子 | D78: =IF(IFERROR(MATCH("退所",$E9:$AI9,0),0)=0,0,IF(IFERROR(MATCH("退所",$E9:$AI9,0),0)<IFERROR(MATCH("入所",$E9:$AI9,0),100),1,0)) -> 1 | E78: =IF(E9="入所",1,IF(D9="退所",D78-1,D78)) -> 1 | F78: =IF(F9="入所",1,IF(E9="退所",E78-1,E78)) -> 1 | G78: =IF(G9="入所",1,IF(F9="退所",F78-1,F78)) -> 1 | H78: =IF(H9="入所",1,IF(G9="退所",G78-1,G78)) -> 1 | I78: =IF(I9="入所",1,IF(H9="退所",H78-1,H78)) -> 0 | J78: =IF(J9="入所",1,IF(I9="退所",I78-1,I78)) -> 1 | K78: =IF(K9="入所",1,IF(J9="退所",J78-1,J78)) -> 1 | L78: =IF(L9="入所",1,IF(K9="退所",K78-1,K78)) -> 1 | ... AI78: =IF(AI9="入所",1,IF(AH9="退所",AH78-1,AH78)) -> 1
B79: =IF(ISBLANK(【入力】利用者台帳!C5),"",【入力】利用者台帳!C5) -> 石井 さち子 | D79: =IF(IFERROR(MATCH("退所",$E11:$AI11,0),0)=0,0,IF(IFERROR(MATCH("退所",$E11:$AI11,0),0)<IFERROR(MATCH("入所",$E11:$AI11,0),100),1,0)) -> 0 | E79: =IF(E11="入所",1,IF(D11="退所",D79-1,D79)) -> 0 | F79: =IF(F11="入所",1,IF(E11="退所",E79-1,E79)) -> 1 | G79: =IF(G11="入所",1,IF(F11="退所",F79-1,F79)) -> 1 | H79: =IF(H11="入所",1,IF(G11="退所",G79-1,G79)) -> 1 | I79: =IF(I11="入所",1,IF(H11="退所",H79-1,H79)) -> 1 | J79: =IF(J11="入所",1,IF(I11="退所",I79-1,I79)) -> 0 | K79: =IF(K11="入所",1,IF(J11="退所",J79-1,J79)) -> 0 | L79: =IF(L11="入所",1,IF(K11="退所",K79-1,K79)) -> 0 | ... AI79: =IF(AI11="入所",1,IF(AH11="退所",AH79-1,AH79)) -> 0
B80: =IF(ISBLANK(【入力】利用者台帳!C6),"",【入力】利用者台帳!C6) -> 石橋 冨士代 | D80: =IF(IFERROR(MATCH("退所",$E13:$AI13,0),0)=0,0,IF(IFERROR(MATCH("退所",$E13:$AI13,0),0)<IFERROR(MATCH("入所",$E13:$AI13,0),100),1,0)) -> 0 | E80: =IF(E13="入所",1,IF(D13="退所",D80-1,D80)) -> 0 | F80: =IF(F13="入所",1,IF(E13="退所",E80-1,E80)) -> 0 | G80: =IF(G13="入所",1,IF(F13="退所",F80-1,F80)) -> 0 | H80: =IF(H13="入所",1,IF(G13="退所",G80-1,G80)) -> 0 | I80: =IF(I13="入所",1,IF(H13="退所",H80-1,H80)) -> 0 | J80: =IF(J13="入所",1,IF(I13="退所",I80-1,I80)) -> 0 | K80: =IF(K13="入所",1,IF(J13="退所",J80-1,J80)) -> 0 | L80: =IF(L13="入所",1,IF(K13="退所",K80-1,K80)) -> 0 | ... AI80: =IF(AI13="入所",1,IF(AH13="退所",AH80-1,AH80)) -> 0
B81: =IF(ISBLANK(【入力】利用者台帳!C7),"",【入力】利用者台帳!C7) -> 伊藤 シゲ | D81: =IF(IFERROR(MATCH("退所",$E15:$AI15,0),0)=0,0,IF(IFERROR(MATCH("退所",$E15:$AI15,0),0)<IFERROR(MATCH("入所",$E15:$AI15,0),100),1,0)) -> 1 | E81: =IF(E15="入所",1,IF(D15="退所",D81-1,D81)) -> 1 | F81: =IF(F15="入所",1,IF(E15="退所",E81-1,E81)) -> 1 | G81: =IF(G15="入所",1,IF(F15="退所",F81-1,F81)) -> 1 | H81: =IF(H15="入所",1,IF(G15="退所",G81-1,G81)) -> 1 | I81: =IF(I15="入所",1,IF(H15="退所",H81-1,H81)) -> 1 | J81: =IF(J15="入所",1,IF(I15="退所",I81-1,I81)) -> 1 | K81: =IF(K15="入所",1,IF(J15="退所",J81-1,J81)) -> 1 | L81: =IF(L15="入所",1,IF(K15="退所",K81-1,K81)) -> 1 | ... AI81: =IF(AI15="入所",1,IF(AH15="退所",AH81-1,AH81)) -> 1
B82: =IF(ISBLANK(【入力】利用者台帳!C8),"",【入力】利用者台帳!C8) -> 伊藤 ミツ | D82: =IF(IFERROR(MATCH("退所",$E17:$AI17,0),0)=0,0,IF(IFERROR(MATCH("退所",$E17:$AI17,0),0)<IFERROR(MATCH("入所",$E17:$AI17,0),100),1,0)) -> 0 | E82: =IF(E17="入所",1,IF(D17="退所",D82-1,D82)) -> 0 | F82: =IF(F17="入所",1,IF(E17="退所",E82-1,E82)) -> 0 | G82: =IF(G17="入所",1,IF(F17="退所",F82-1,F82)) -> 0 | H82: =IF(H17="入所",1,IF(G17="退所",G82-1,G82)) -> 0 | I82: =IF(I17="入所",1,IF(H17="退所",H82-1,H82)) -> 0 | J82: =IF(J17="入所",1,IF(I17="退所",I82-1,I82)) -> 1 | K82: =IF(K17="入所",1,IF(J17="退所",J82-1,J82)) -> 1 | L82: =IF(L17="入所",1,IF(K17="退所",K82-1,K82)) -> 0 | ... AI82: =IF(AI17="入所",1,IF(AH17="退所",AH82-1,AH82)) -> 0
B83: =IF(ISBLANK(【入力】利用者台帳!C9),"",【入力】利用者台帳!C9) -> 岩永 里子 | D83: =IF(IFERROR(MATCH("退所",$E19:$AI19,0),0)=0,0,IF(IFERROR(MATCH("退所",$E19:$AI19,0),0)<IFERROR(MATCH("入所",$E19:$AI19,0),100),1,0)) -> 0 | E83: =IF(E19="入所",1,IF(D19="退所",D83-1,D83)) -> 0 | F83: =IF(F19="入所",1,IF(E19="退所",E83-1,E83)) -> 0 | G83: =IF(G19="入所",1,IF(F19="退所",F83-1,F83)) -> 0 | H83: =IF(H19="入所",1,IF(G19="退所",G83-1,G83)) -> 0 | I83: =IF(I19="入所",1,IF(H19="退所",H83-1,H83)) -> 0 | J83: =IF(J19="入所",1,IF(I19="退所",I83-1,I83)) -> 0 | K83: =IF(K19="入所",1,IF(J19="退所",J83-1,J83)) -> 0 | L83: =IF(L19="入所",1,IF(K19="退所",K83-1,K83)) -> 0 | ... AI83: =IF(AI19="入所",1,IF(AH19="退所",AH83-1,AH83)) -> 1
B84: =IF(ISBLANK(【入力】利用者台帳!C10),"",【入力】利用者台帳!C10) -> 川原 克子 | D84: =IF(IFERROR(MATCH("退所",$E21:$AI21,0),0)=0,0,IF(IFERROR(MATCH("退所",$E21:$AI21,0),0)<IFERROR(MATCH("入所",$E21:$AI21,0),100),1,0)) -> 0 | E84: =IF(E21="入所",1,IF(D21="退所",D84-1,D84)) -> 1 | F84: =IF(F21="入所",1,IF(E21="退所",E84-1,E84)) -> 1 | G84: =IF(G21="入所",1,IF(F21="退所",F84-1,F84)) -> 1 | H84: =IF(H21="入所",1,IF(G21="退所",G84-1,G84)) -> 1 | I84: =IF(I21="入所",1,IF(H21="退所",H84-1,H84)) -> 1 | J84: =IF(J21="入所",1,IF(I21="退所",I84-1,I84)) -> 1 | K84: =IF(K21="入所",1,IF(J21="退所",J84-1,J84)) -> 1 | L84: =IF(L21="入所",1,IF(K21="退所",K84-1,K84)) -> 1 | ... AI84: =IF(AI21="入所",1,IF(AH21="退所",AH84-1,AH84)) -> 0
B85: =IF(ISBLANK(【入力】利用者台帳!C11),"",【入力】利用者台帳!C11) -> 工藤 信代 | D85: =IF(IFERROR(MATCH("退所",$E23:$AI23,0),0)=0,0,IF(IFERROR(MATCH("退所",$E23:$AI23,0),0)<IFERROR(MATCH("入所",$E23:$AI23,0),100),1,0)) -> 1 | E85: =IF(E23="入所",1,IF(D23="退所",D85-1,D85)) -> 1 | F85: =IF(F23="入所",1,IF(E23="退所",E85-1,E85)) -> 0 | G85: =IF(G23="入所",1,IF(F23="退所",F85-1,F85)) -> 0 | H85: =IF(H23="入所",1,IF(G23="退所",G85-1,G85)) -> 0 | I85: =IF(I23="入所",1,IF(H23="退所",H85-1,H85)) -> 0 | J85: =IF(J23="入所",1,IF(I23="退所",I85-1,I85)) -> 1 | K85: =IF(K23="入所",1,IF(J23="退所",J85-1,J85)) -> 1 | L85: =IF(L23="入所",1,IF(K23="退所",K85-1,K85)) -> 1 | ... AI85: =IF(AI23="入所",1,IF(AH23="退所",AH85-1,AH85)) -> 0
B86: =IF(ISBLANK(【入力】利用者台帳!C12),"",【入力】利用者台帳!C12) -> 坂本 みつ子 | D86: =IF(IFERROR(MATCH("退所",$E25:$AI25,0),0)=0,0,IF(IFERROR(MATCH("退所",$E25:$AI25,0),0)<IFERROR(MATCH("入所",$E25:$AI25,0),100),1,0)) -> 0 | E86: =IF(E25="入所",1,IF(D25="退所",D86-1,D86)) -> 0 | F86: =IF(F25="入所",1,IF(E25="退所",E86-1,E86)) -> 0 | G86: =IF(G25="入所",1,IF(F25="退所",F86-1,F86)) -> 0 | H86: =IF(H25="入所",1,IF(G25="退所",G86-1,G86)) -> 0 | I86: =IF(I25="入所",1,IF(H25="退所",H86-1,H86)) -> 0 | J86: =IF(J25="入所",1,IF(I25="退所",I86-1,I86)) -> 0 | K86: =IF(K25="入所",1,IF(J25="退所",J86-1,J86)) -> 0 | L86: =IF(L25="入所",1,IF(K25="退所",K86-1,K86)) -> 0 | ... AI86: =IF(AI25="入所",1,IF(AH25="退所",AH86-1,AH86)) -> 0
B87: =IF(ISBLANK(【入力】利用者台帳!C13),"",【入力】利用者台帳!C13) -> 佐々木敦子 | D87: =IF(IFERROR(MATCH("退所",$E27:$AI27,0),0)=0,0,IF(IFERROR(MATCH("退所",$E27:$AI27,0),0)<IFERROR(MATCH("入所",$E27:$AI27,0),100),1,0)) -> 0 | E87: =IF(E27="入所",1,IF(D27="退所",D87-1,D87)) -> 1 | F87: =IF(F27="入所",1,IF(E27="退所",E87-1,E87)) -> 1 | G87: =IF(G27="入所",1,IF(F27="退所",F87-1,F87)) -> 1 | H87: =IF(H27="入所",1,IF(G27="退所",G87-1,G87)) -> 1 | I87: =IF(I27="入所",1,IF(H27="退所",H87-1,H87)) -> 1 | J87: =IF(J27="入所",1,IF(I27="退所",I87-1,I87)) -> 0 | K87: =IF(K27="入所",1,IF(J27="退所",J87-1,J87)) -> 0 | L87: =IF(L27="入所",1,IF(K27="退所",K87-1,K87)) -> 1 | ... AI87: =IF(AI27="入所",1,IF(AH27="退所",AH87-1,AH87)) -> 1
B88: =IF(ISBLANK(【入力】利用者台帳!C14),"",【入力】利用者台帳!C14) -> 澤井 節子 | D88: =IF(IFERROR(MATCH("退所",$E29:$AI29,0),0)=0,0,IF(IFERROR(MATCH("退所",$E29:$AI29,0),0)<IFERROR(MATCH("入所",$E29:$AI29,0),100),1,0)) -> 1 | E88: =IF(E29="入所",1,IF(D29="退所",D88-1,D88)) -> 1 | F88: =IF(F29="入所",1,IF(E29="退所",E88-1,E88)) -> 0 | G88: =IF(G29="入所",1,IF(F29="退所",F88-1,F88)) -> 0 | H88: =IF(H29="入所",1,IF(G29="退所",G88-1,G88)) -> 0 | I88: =IF(I29="入所",1,IF(H29="退所",H88-1,H88)) -> 0 | J88: =IF(J29="入所",1,IF(I29="退所",I88-1,I88)) -> 0 | K88: =IF(K29="入所",1,IF(J29="退所",J88-1,J88)) -> 0 | L88: =IF(L29="入所",1,IF(K29="退所",K88-1,K88)) -> 0 | ... AI88: =IF(AI29="入所",1,IF(AH29="退所",AH88-1,AH88)) -> 0
B89: =IF(ISBLANK(【入力】利用者台帳!C15),"",【入力】利用者台帳!C15) -> 澤登 佳子 | D89: =IF(IFERROR(MATCH("退所",$E31:$AI31,0),0)=0,0,IF(IFERROR(MATCH("退所",$E31:$AI31,0),0)<IFERROR(MATCH("入所",$E31:$AI31,0),100),1,0)) -> 1 | E89: =IF(E31="入所",1,IF(D31="退所",D89-1,D89)) -> 1 | F89: =IF(F31="入所",1,IF(E31="退所",E89-1,E89)) -> 1 | G89: =IF(G31="入所",1,IF(F31="退所",F89-1,F89)) -> 1 | H89: =IF(H31="入所",1,IF(G31="退所",G89-1,G89)) -> 1 | I89: =IF(I31="入所",1,IF(H31="退所",H89-1,H89)) -> 1 | J89: =IF(J31="入所",1,IF(I31="退所",I89-1,I89)) -> 1 | K89: =IF(K31="入所",1,IF(J31="退所",J89-1,J89)) -> 1 | L89: =IF(L31="入所",1,IF(K31="退所",K89-1,K89)) -> 1 | ... AI89: =IF(AI31="入所",1,IF(AH31="退所",AH89-1,AH89)) -> 1
B90: =IF(ISBLANK(【入力】利用者台帳!C16),"",【入力】利用者台帳!C16) -> 白井 加都子 | D90: =IF(IFERROR(MATCH("退所",$E33:$AI33,0),0)=0,0,IF(IFERROR(MATCH("退所",$E33:$AI33,0),0)<IFERROR(MATCH("入所",$E33:$AI33,0),100),1,0)) -> 0 | E90: =IF(E33="入所",1,IF(D33="退所",D90-1,D90)) -> 0 | F90: =IF(F33="入所",1,IF(E33="退所",E90-1,E90)) -> 0 | G90: =IF(G33="入所",1,IF(F33="退所",F90-1,F90)) -> 0 | H90: =IF(H33="入所",1,IF(G33="退所",G90-1,G90)) -> 0 | I90: =IF(I33="入所",1,IF(H33="退所",H90-1,H90)) -> 0 | J90: =IF(J33="入所",1,IF(I33="退所",I90-1,I90)) -> 0 | K90: =IF(K33="入所",1,IF(J33="退所",J90-1,J90)) -> 0 | L90: =IF(L33="入所",1,IF(K33="退所",K90-1,K90)) -> 0 | ... AI90: =IF(AI33="入所",1,IF(AH33="退所",AH90-1,AH90)) -> 0
B91: =IF(ISBLANK(【入力】利用者台帳!C17),"",【入力】利用者台帳!C17) -> 鈴木 育代 | D91: =IF(IFERROR(MATCH("退所",$E35:$AI35,0),0)=0,0,IF(IFERROR(MATCH("退所",$E35:$AI35,0),0)<IFERROR(MATCH("入所",$E35:$AI35,0),100),1,0)) -> 0 | E91: =IF(E35="入所",1,IF(D35="退所",D91-1,D91)) -> 1 | F91: =IF(F35="入所",1,IF(E35="退所",E91-1,E91)) -> 1 | G91: =IF(G35="入所",1,IF(F35="退所",F91-1,F91)) -> 1 | H91: =IF(H35="入所",1,IF(G35="退所",G91-1,G91)) -> 1 | I91: =IF(I35="入所",1,IF(H35="退所",H91-1,H91)) -> 1 | J91: =IF(J35="入所",1,IF(I35="退所",I91-1,I91)) -> 0 | K91: =IF(K35="入所",1,IF(J35="退所",J91-1,J91)) -> 0 | L91: =IF(L35="入所",1,IF(K35="退所",K91-1,K91)) -> 1 | ... AI91: =IF(AI35="入所",1,IF(AH35="退所",AH91-1,AH91)) -> 1
B92: =IF(ISBLANK(【入力】利用者台帳!C18),"",【入力】利用者台帳!C18) -> 高久 直美 | D92: =IF(IFERROR(MATCH("退所",$E37:$AI37,0),0)=0,0,IF(IFERROR(MATCH("退所",$E37:$AI37,0),0)<IFERROR(MATCH("入所",$E37:$AI37,0),100),1,0)) -> 0 | E92: =IF(E37="入所",1,IF(D37="退所",D92-1,D92)) -> 0 | F92: =IF(F37="入所",1,IF(E37="退所",E92-1,E92)) -> 0 | G92: =IF(G37="入所",1,IF(F37="退所",F92-1,F92)) -> 0 | H92: =IF(H37="入所",1,IF(G37="退所",G92-1,G92)) -> 0 | I92: =IF(I37="入所",1,IF(H37="退所",H92-1,H92)) -> 0 | J92: =IF(J37="入所",1,IF(I37="退所",I92-1,I92)) -> 0 | K92: =IF(K37="入所",1,IF(J37="退所",J92-1,J92)) -> 0 | L92: =IF(L37="入所",1,IF(K37="退所",K92-1,K92)) -> 0 | ... AI92: =IF(AI37="入所",1,IF(AH37="退所",AH92-1,AH92)) -> 0
B93: =IF(ISBLANK(【入力】利用者台帳!C19),"",【入力】利用者台帳!C19) -> 高橋 ハツコ | D93: =IF(IFERROR(MATCH("退所",$E39:$AI39,0),0)=0,0,IF(IFERROR(MATCH("退所",$E39:$AI39,0),0)<IFERROR(MATCH("入所",$E39:$AI39,0),100),1,0)) -> 0 | E93: =IF(E39="入所",1,IF(D39="退所",D93-1,D93)) -> 0 | F93: =IF(F39="入所",1,IF(E39="退所",E93-1,E93)) -> 1 | G93: =IF(G39="入所",1,IF(F39="退所",F93-1,F93)) -> 1 | H93: =IF(H39="入所",1,IF(G39="退所",G93-1,G93)) -> 0 | I93: =IF(I39="入所",1,IF(H39="退所",H93-1,H93)) -> 0 | J93: =IF(J39="入所",1,IF(I39="退所",I93-1,I93)) -> 1 | K93: =IF(K39="入所",1,IF(J39="退所",J93-1,J93)) -> 1 | L93: =IF(L39="入所",1,IF(K39="退所",K93-1,K93)) -> 1 | ... AI93: =IF(AI39="入所",1,IF(AH39="退所",AH93-1,AH93)) -> 1
B94: =IF(ISBLANK(【入力】利用者台帳!C20),"",【入力】利用者台帳!C20) -> 田中 保行 | D94: =IF(IFERROR(MATCH("退所",$E41:$AI41,0),0)=0,0,IF(IFERROR(MATCH("退所",$E41:$AI41,0),0)<IFERROR(MATCH("入所",$E41:$AI41,0),100),1,0)) -> 0 | E94: =IF(E41="入所",1,IF(D41="退所",D94-1,D94)) -> 0 | F94: =IF(F41="入所",1,IF(E41="退所",E94-1,E94)) -> 0 | G94: =IF(G41="入所",1,IF(F41="退所",F94-1,F94)) -> 0 | H94: =IF(H41="入所",1,IF(G41="退所",G94-1,G94)) -> 0 | I94: =IF(I41="入所",1,IF(H41="退所",H94-1,H94)) -> 0 | J94: =IF(J41="入所",1,IF(I41="退所",I94-1,I94)) -> 0 | K94: =IF(K41="入所",1,IF(J41="退所",J94-1,J94)) -> 0 | L94: =IF(L41="入所",1,IF(K41="退所",K94-1,K94)) -> 0 | ... AI94: =IF(AI41="入所",1,IF(AH41="退所",AH94-1,AH94)) -> 0
B95: =IF(ISBLANK(【入力】利用者台帳!C21),"",【入力】利用者台帳!C21) -> 土肥 俊江 | D95: =IF(IFERROR(MATCH("退所",$E43:$AI43,0),0)=0,0,IF(IFERROR(MATCH("退所",$E43:$AI43,0),0)<IFERROR(MATCH("入所",$E43:$AI43,0),100),1,0)) -> 0 | E95: =IF(E43="入所",1,IF(D43="退所",D95-1,D95)) -> 0 | F95: =IF(F43="入所",1,IF(E43="退所",E95-1,E95)) -> 0 | G95: =IF(G43="入所",1,IF(F43="退所",F95-1,F95)) -> 0 | H95: =IF(H43="入所",1,IF(G43="退所",G95-1,G95)) -> 0 | I95: =IF(I43="入所",1,IF(H43="退所",H95-1,H95)) -> 0 | J95: =IF(J43="入所",1,IF(I43="退所",I95-1,I95)) -> 0 | K95: =IF(K43="入所",1,IF(J43="退所",J95-1,J95)) -> 0 | L95: =IF(L43="入所",1,IF(K43="退所",K95-1,K95)) -> 0 | ... AI95: =IF(AI43="入所",1,IF(AH43="退所",AH95-1,AH95)) -> 0
B96: =IF(ISBLANK(【入力】利用者台帳!C22),"",【入力】利用者台帳!C22) -> 仲里 克彦 | D96: =IF(IFERROR(MATCH("退所",$E45:$AI45,0),0)=0,0,IF(IFERROR(MATCH("退所",$E45:$AI45,0),0)<IFERROR(MATCH("入所",$E45:$AI45,0),100),1,0)) -> 1 | E96: =IF(E45="入所",1,IF(D45="退所",D96-1,D96)) -> 1 | F96: =IF(F45="入所",1,IF(E45="退所",E96-1,E96)) -> 0 | G96: =IF(G45="入所",1,IF(F45="退所",F96-1,F96)) -> 0 | H96: =IF(H45="入所",1,IF(G45="退所",G96-1,G96)) -> 1 | I96: =IF(I45="入所",1,IF(H45="退所",H96-1,H96)) -> 1 | J96: =IF(J45="入所",1,IF(I45="退所",I96-1,I96)) -> 1 | K96: =IF(K45="入所",1,IF(J45="退所",J96-1,J96)) -> 1 | L96: =IF(L45="入所",1,IF(K45="退所",K96-1,K96)) -> 1 | ... AI96: =IF(AI45="入所",1,IF(AH45="退所",AH96-1,AH96)) -> 0
B97: =IF(ISBLANK(【入力】利用者台帳!C23),"",【入力】利用者台帳!C23) -> 二宮 身延 | D97: =IF(IFERROR(MATCH("退所",$E47:$AI47,0),0)=0,0,IF(IFERROR(MATCH("退所",$E47:$AI47,0),0)<IFERROR(MATCH("入所",$E47:$AI47,0),100),1,0)) -> 1 | E97: =IF(E47="入所",1,IF(D47="退所",D97-1,D97)) -> 1 | F97: =IF(F47="入所",1,IF(E47="退所",E97-1,E97)) -> 0 | G97: =IF(G47="入所",1,IF(F47="退所",F97-1,F97)) -> 0 | H97: =IF(H47="入所",1,IF(G47="退所",G97-1,G97)) -> 0 | I97: =IF(I47="入所",1,IF(H47="退所",H97-1,H97)) -> 1 | J97: =IF(J47="入所",1,IF(I47="退所",I97-1,I97)) -> 1 | K97: =IF(K47="入所",1,IF(J47="退所",J97-1,J97)) -> 1 | L97: =IF(L47="入所",1,IF(K47="退所",K97-1,K97)) -> 1 | ... AI97: =IF(AI47="入所",1,IF(AH47="退所",AH97-1,AH97)) -> 0
B98: =IF(ISBLANK(【入力】利用者台帳!C24),"",【入力】利用者台帳!C24) -> 初谷 キイ | D98: =IF(IFERROR(MATCH("退所",$E49:$AI49,0),0)=0,0,IF(IFERROR(MATCH("退所",$E49:$AI49,0),0)<IFERROR(MATCH("入所",$E49:$AI49,0),100),1,0)) -> 0 | E98: =IF(E49="入所",1,IF(D49="退所",D98-1,D98)) -> 0 | F98: =IF(F49="入所",1,IF(E49="退所",E98-1,E98)) -> 0 | G98: =IF(G49="入所",1,IF(F49="退所",F98-1,F98)) -> 0 | H98: =IF(H49="入所",1,IF(G49="退所",G98-1,G98)) -> 0 | I98: =IF(I49="入所",1,IF(H49="退所",H98-1,H98)) -> 0 | J98: =IF(J49="入所",1,IF(I49="退所",I98-1,I98)) -> 0 | K98: =IF(K49="入所",1,IF(J49="退所",J98-1,J98)) -> 0 | L98: =IF(L49="入所",1,IF(K49="退所",K98-1,K98)) -> 0 | ... AI98: =IF(AI49="入所",1,IF(AH49="退所",AH98-1,AH98)) -> 0
B99: =IF(ISBLANK(【入力】利用者台帳!C25),"",【入力】利用者台帳!C25) -> 星野 仁江 | D99: =IF(IFERROR(MATCH("退所",$E51:$AI51,0),0)=0,0,IF(IFERROR(MATCH("退所",$E51:$AI51,0),0)<IFERROR(MATCH("入所",$E51:$AI51,0),100),1,0)) -> 1 | E99: =IF(E51="入所",1,IF(D51="退所",D99-1,D99)) -> 1 | F99: =IF(F51="入所",1,IF(E51="退所",E99-1,E99)) -> 1 | G99: =IF(G51="入所",1,IF(F51="退所",F99-1,F99)) -> 1 | H99: =IF(H51="入所",1,IF(G51="退所",G99-1,G99)) -> 1 | I99: =IF(I51="入所",1,IF(H51="退所",H99-1,H99)) -> 1 | J99: =IF(J51="入所",1,IF(I51="退所",I99-1,I99)) -> 1 | K99: =IF(K51="入所",1,IF(J51="退所",J99-1,J99)) -> 1 | L99: =IF(L51="入所",1,IF(K51="退所",K99-1,K99)) -> 1 | ... AI99: =IF(AI51="入所",1,IF(AH51="退所",AH99-1,AH99)) -> 0
B100: =IF(ISBLANK(【入力】利用者台帳!C26),"",【入力】利用者台帳!C26) -> 堀田 節子 | D100: =IF(IFERROR(MATCH("退所",$E53:$AI53,0),0)=0,0,IF(IFERROR(MATCH("退所",$E53:$AI53,0),0)<IFERROR(MATCH("入所",$E53:$AI53,0),100),1,0)) -> 0 | E100: =IF(E53="入所",1,IF(D53="退所",D100-1,D100)) -> 0 | F100: =IF(F53="入所",1,IF(E53="退所",E100-1,E100)) -> 0 | G100: =IF(G53="入所",1,IF(F53="退所",F100-1,F100)) -> 0 | H100: =IF(H53="入所",1,IF(G53="退所",G100-1,G100)) -> 0 | I100: =IF(I53="入所",1,IF(H53="退所",H100-1,H100)) -> 0 | J100: =IF(J53="入所",1,IF(I53="退所",I100-1,I100)) -> 0 | K100: =IF(K53="入所",1,IF(J53="退所",J100-1,J100)) -> 0 | L100: =IF(L53="入所",1,IF(K53="退所",K100-1,K100)) -> 0 | ... AI100: =IF(AI53="入所",1,IF(AH53="退所",AH100-1,AH100)) -> 0
B101: =IF(ISBLANK(【入力】利用者台帳!C27),"",【入力】利用者台帳!C27) -> 宮本 美代子 | D101: =IF(IFERROR(MATCH("退所",$E55:$AI55,0),0)=0,0,IF(IFERROR(MATCH("退所",$E55:$AI55,0),0)<IFERROR(MATCH("入所",$E55:$AI55,0),100),1,0)) -> 0 | E101: =IF(E55="入所",1,IF(D55="退所",D101-1,D101)) -> 0 | F101: =IF(F55="入所",1,IF(E55="退所",E101-1,E101)) -> 0 | G101: =IF(G55="入所",1,IF(F55="退所",F101-1,F101)) -> 0 | H101: =IF(H55="入所",1,IF(G55="退所",G101-1,G101)) -> 0 | I101: =IF(I55="入所",1,IF(H55="退所",H101-1,H101)) -> 0 | J101: =IF(J55="入所",1,IF(I55="退所",I101-1,I101)) -> 0 | K101: =IF(K55="入所",1,IF(J55="退所",J101-1,J101)) -> 0 | L101: =IF(L55="入所",1,IF(K55="退所",K101-1,K101)) -> 0 | ... AI101: =IF(AI55="入所",1,IF(AH55="退所",AH101-1,AH101)) -> 0
B102: =IF(ISBLANK(【入力】利用者台帳!C28),"",【入力】利用者台帳!C28) -> 山地 チヨ | D102: =IF(IFERROR(MATCH("退所",$E57:$AI57,0),0)=0,0,IF(IFERROR(MATCH("退所",$E57:$AI57,0),0)<IFERROR(MATCH("入所",$E57:$AI57,0),100),1,0)) -> 0 | E102: =IF(E57="入所",1,IF(D57="退所",D102-1,D102)) -> 1 | F102: =IF(F57="入所",1,IF(E57="退所",E102-1,E102)) -> 1 | G102: =IF(G57="入所",1,IF(F57="退所",F102-1,F102)) -> 0 | H102: =IF(H57="入所",1,IF(G57="退所",G102-1,G102)) -> 1 | I102: =IF(I57="入所",1,IF(H57="退所",H102-1,H102)) -> 1 | J102: =IF(J57="入所",1,IF(I57="退所",I102-1,I102)) -> 1 | K102: =IF(K57="入所",1,IF(J57="退所",J102-1,J102)) -> 0 | L102: =IF(L57="入所",1,IF(K57="退所",K102-1,K102)) -> 1 | ... AI102: =IF(AI57="入所",1,IF(AH57="退所",AH102-1,AH102)) -> 0
B103: =IF(ISBLANK(【入力】利用者台帳!C29),"",【入力】利用者台帳!C29) -> 山本 令郎 | D103: =IF(IFERROR(MATCH("退所",$E59:$AI59,0),0)=0,0,IF(IFERROR(MATCH("退所",$E59:$AI59,0),0)<IFERROR(MATCH("入所",$E59:$AI59,0),100),1,0)) -> 0 | E103: =IF(E59="入所",1,IF(D59="退所",D103-1,D103)) -> 1 | F103: =IF(F59="入所",1,IF(E59="退所",E103-1,E103)) -> 1 | G103: =IF(G59="入所",1,IF(F59="退所",F103-1,F103)) -> 1 | H103: =IF(H59="入所",1,IF(G59="退所",G103-1,G103)) -> 1 | I103: =IF(I59="入所",1,IF(H59="退所",H103-1,H103)) -> 0 | J103: =IF(J59="入所",1,IF(I59="退所",I103-1,I103)) -> 0 | K103: =IF(K59="入所",1,IF(J59="退所",J103-1,J103)) -> 0 | L103: =IF(L59="入所",1,IF(K59="退所",K103-1,K103)) -> 1 | ... AI103: =IF(AI59="入所",1,IF(AH59="退所",AH103-1,AH103)) -> 1
...

Sheet 利用票もどき
C1: 1 | D1: 2 | E1: 3 | F1: 4
A2: 青木 | B2: 通い | C2: 0 | D2: 1 | E2: 0 | F2: 0 | G2: 1
B3: 訪問 | C3: 3 | D3: 1
B4: 泊り | C4: 1

Sheet 【入力・帳票】ベッド表
A1: 泊り予定 ご利用者 確認欄 | B1: 1 | C1: =IFERROR(INDEX($B$50:$B$78,MATCH($B1,C$50:C$78,0)),"") -> 安藤 | D1: =IFERROR(INDEX($B$50:$B$78,MATCH($B1,D$50:D$78,0)),"") -> 伊シ | E1: =IFERROR(INDEX($B$50:$B$78,MATCH($B1,E$50:E$78,0)),"") -> 安藤 | F1: =IFERROR(INDEX($B$50:$B$78,MATCH($B1,F$50:F$78,0)),"") -> 安藤 | G1: =IFERROR(INDEX($B$50:$B$78,MATCH($B1,G$50:G$78,0)),"") -> 石井 | H1: =IFERROR(INDEX($B$50:$B$78,MATCH($B1,H$50:H$78,0)),"") -> 伊シ | I1: =IFERROR(INDEX($B$50:$B$78,MATCH($B1,I$50:I$78,0)),"") -> 安藤 | J1: =IFERROR(INDEX($B$50:$B$78,MATCH($B1,J$50:J$78,0)),"") -> 安藤 | ... AH1: =IFERROR(INDEX($B$50:$B$78,MATCH($B1,AH$50:AH$78,0)),"") -> 安藤
B2: 2 | C2: =IFERROR(INDEX($B$50:$B$78,MATCH($B2,C$50:C$78,0)),"") -> 伊シ | D2: =IFERROR(INDEX($B$50:$B$78,MATCH($B2,D$50:D$78,0)),"") -> 川原 | E2: =IFERROR(INDEX($B$50:$B$78,MATCH($B2,E$50:E$78,0)),"") -> 石井 | F2: =IFERROR(INDEX($B$50:$B$78,MATCH($B2,F$50:F$78,0)),"") -> 石井 | G2: =IFERROR(INDEX($B$50:$B$78,MATCH($B2,G$50:G$78,0)),"") -> 伊シ | H2: =IFERROR(INDEX($B$50:$B$78,MATCH($B2,H$50:H$78,0)),"") -> 川原 | I2: =IFERROR(INDEX($B$50:$B$78,MATCH($B2,I$50:I$78,0)),"") -> 伊シ | J2: =IFERROR(INDEX($B$50:$B$78,MATCH($B2,J$50:J$78,0)),"") -> 伊シ | ... AH2: =IFERROR(INDEX($B$50:$B$78,MATCH($B2,AH$50:AH$78,0)),"") -> 伊シ
B3: 3 | C3: =IFERROR(INDEX($B$50:$B$78,MATCH($B3,C$50:C$78,0)),"") -> 工藤 | D3: =IFERROR(INDEX($B$50:$B$78,MATCH($B3,D$50:D$78,0)),"") -> 佐々 | E3: =IFERROR(INDEX($B$50:$B$78,MATCH($B3,E$50:E$78,0)),"") -> 伊シ | F3: =IFERROR(INDEX($B$50:$B$78,MATCH($B3,F$50:F$78,0)),"") -> 伊シ | G3: =IFERROR(INDEX($B$50:$B$78,MATCH($B3,G$50:G$78,0)),"") -> 佐々 | H3: =IFERROR(INDEX($B$50:$B$78,MATCH($B3,H$50:H$78,0)),"") -> 澤登 | I3: =IFERROR(INDEX($B$50:$B$78,MATCH($B3,I$50:I$78,0)),"") -> 伊ミ | J3: =IFERROR(INDEX($B$50:$B$78,MATCH($B3,J$50:J$78,0)),"") -> 川原 | ... AH3: =IFERROR(INDEX($B$50:$B$78,MATCH($B3,AH$50:AH$78,0)),"") -> 岩永
B4: 4 | C4: =IFERROR(INDEX($B$50:$B$78,MATCH($B4,C$50:C$78,0)),"") -> 澤井 | D4: =IFERROR(INDEX($B$50:$B$78,MATCH($B4,D$50:D$78,0)),"") -> 澤登 | E4: =IFERROR(INDEX($B$50:$B$78,MATCH($B4,E$50:E$78,0)),"") -> 佐々 | F4: =IFERROR(INDEX($B$50:$B$78,MATCH($B4,F$50:F$78,0)),"") -> 川原 | G4: =IFERROR(INDEX($B$50:$B$78,MATCH($B4,G$50:G$78,0)),"") -> 澤登 | H4: =IFERROR(INDEX($B$50:$B$78,MATCH($B4,H$50:H$78,0)),"") -> 仲里 | I4: =IFERROR(INDEX($B$50:$B$78,MATCH($B4,I$50:I$78,0)),"") -> 工藤 | J4: =IFERROR(INDEX($B$50:$B$78,MATCH($B4,J$50:J$78,0)),"") -> 工藤 | ... AH4: =IFERROR(INDEX($B$50:$B$78,MATCH($B4,AH$50:AH$78,0)),"") -> 佐々
B5: 5 | C5: =IFERROR(INDEX($B$50:$B$78,MATCH($B5,C$50:C$78,0)),"") -> 澤登 | D5: =IFERROR(INDEX($B$50:$B$78,MATCH($B5,D$50:D$78,0)),"") -> 鈴木 | E5: =IFERROR(INDEX($B$50:$B$78,MATCH($B5,E$50:E$78,0)),"") -> 澤登 | F5: =IFERROR(INDEX($B$50:$B$78,MATCH($B5,F$50:F$78,0)),"") -> 佐々 | G5: =IFERROR(INDEX($B$50:$B$78,MATCH($B5,G$50:G$78,0)),"") -> 鈴木 | H5: =IFERROR(INDEX($B$50:$B$78,MATCH($B5,H$50:H$78,0)),"") -> 二宮 | I5: =IFERROR(INDEX($B$50:$B$78,MATCH($B5,I$50:I$78,0)),"") -> 澤登 | J5: =IFERROR(INDEX($B$50:$B$78,MATCH($B5,J$50:J$78,0)),"") -> 澤登 | ... AH5: =IFERROR(INDEX($B$50:$B$78,MATCH($B5,AH$50:AH$78,0)),"") -> 澤登
B6: 6 | C6: =IFERROR(INDEX($B$50:$B$78,MATCH($B6,C$50:C$78,0)),"") -> 仲里 | D6: =IFERROR(INDEX($B$50:$B$78,MATCH($B6,D$50:D$78,0)),"") -> 星野 | E6: =IFERROR(INDEX($B$50:$B$78,MATCH($B6,E$50:E$78,0)),"") -> 鈴木 | F6: =IFERROR(INDEX($B$50:$B$78,MATCH($B6,F$50:F$78,0)),"") -> 澤登 | G6: =IFERROR(INDEX($B$50:$B$78,MATCH($B6,G$50:G$78,0)),"") -> 仲里 | H6: =IFERROR(INDEX($B$50:$B$78,MATCH($B6,H$50:H$78,0)),"") -> 星野 | I6: =IFERROR(INDEX($B$50:$B$78,MATCH($B6,I$50:I$78,0)),"") -> 高橋 | J6: =IFERROR(INDEX($B$50:$B$78,MATCH($B6,J$50:J$78,0)),"") -> 高橋 | ... AH6: =IFERROR(INDEX($B$50:$B$78,MATCH($B6,AH$50:AH$78,0)),"") -> 鈴木
B7: 7 | C7: =IFERROR(INDEX($B$50:$B$78,MATCH($B7,C$50:C$78,0)),"") -> 二宮 | D7: =IFERROR(INDEX($B$50:$B$78,MATCH($B7,D$50:D$78,0)),"") -> 山地 | E7: =IFERROR(INDEX($B$50:$B$78,MATCH($B7,E$50:E$78,0)),"") -> 高橋 | F7: =IFERROR(INDEX($B$50:$B$78,MATCH($B7,F$50:F$78,0)),"") -> 鈴木 | G7: =IFERROR(INDEX($B$50:$B$78,MATCH($B7,G$50:G$78,0)),"") -> 星野 | H7: =IFERROR(INDEX($B$50:$B$78,MATCH($B7,H$50:H$78,0)),"") -> 山地 | I7: =IFERROR(INDEX($B$50:$B$78,MATCH($B7,I$50:I$78,0)),"") -> 仲里 | J7: =IFERROR(INDEX($B$50:$B$78,MATCH($B7,J$50:J$78,0)),"") -> 仲里 | ... AH7: =IFERROR(INDEX($B$50:$B$78,MATCH($B7,AH$50:AH$78,0)),"") -> 高橋
B8: 8 | C8: =IFERROR(INDEX($B$50:$B$78,MATCH($B8,C$50:C$78,0)),"") -> 星野 | D8: =IFERROR(INDEX($B$50:$B$78,MATCH($B8,D$50:D$78,0)),"") -> 山本 | E8: =IFERROR(INDEX($B$50:$B$78,MATCH($B8,E$50:E$78,0)),"") -> 星野 | F8: =IFERROR(INDEX($B$50:$B$78,MATCH($B8,F$50:F$78,0)),"") -> 星野 | G8: =IFERROR(INDEX($B$50:$B$78,MATCH($B8,G$50:G$78,0)),"") -> 山地 | H8: =IFERROR(INDEX($B$50:$B$78,MATCH($B8,H$50:H$78,0)),"") -> 吉田 | I8: =IFERROR(INDEX($B$50:$B$78,MATCH($B8,I$50:I$78,0)),"") -> 二宮 | J8: =IFERROR(INDEX($B$50:$B$78,MATCH($B8,J$50:J$78,0)),"") -> 二宮 | ... AH8: =IFERROR(INDEX($B$50:$B$78,MATCH($B8,AH$50:AH$78,0)),"") -> 渡邊
B9: 9 | C9: =IFERROR(INDEX($B$50:$B$78,MATCH($B9,C$50:C$78,0)),"") -> 吉田 | D9: =IFERROR(INDEX($B$50:$B$78,MATCH($B9,D$50:D$78,0)),"") -> 渡邊 | E9: =IFERROR(INDEX($B$50:$B$78,MATCH($B9,E$50:E$78,0)),"") -> 山本 | F9: =IFERROR(INDEX($B$50:$B$78,MATCH($B9,F$50:F$78,0)),"") -> 山本 | G9: =IFERROR(INDEX($B$50:$B$78,MATCH($B9,G$50:G$78,0)),"") -> 渡邊 | H9: =IFERROR(INDEX($B$50:$B$78,MATCH($B9,H$50:H$78,0)),"") -> 渡邊 | I9: =IFERROR(INDEX($B$50:$B$78,MATCH($B9,I$50:I$78,0)),"") -> 星野 | J9: =IFERROR(INDEX($B$50:$B$78,MATCH($B9,J$50:J$78,0)),"") -> 星野 | ... AH9: =IFERROR(INDEX($B$50:$B$78,MATCH($B9,AH$50:AH$78,0)),"")
C10: =D10-1 -> 45991 | D10: =【入力】調整表!$E$1 -> 45992 | E10: =D10+1 -> 45993 | F10: =E10+1 -> 45994 | G10: =F10+1 -> 45995 | H10: =G10+1 -> 45996 | I10: =H10+1 -> 45997 | J10: =I10+1 -> 45998 | K10: =J10+1 -> 45999 | L10: =K10+1 -> 46000 | ... AH10: =AG10+1 -> 46022
C11: =C10 -> 45991 | D11: =D10 -> 45992 | E11: =E10 -> 45993 | F11: =F10 -> 45994 | G11: =G10 -> 45995 | H11: =H10 -> 45996 | I11: =I10 -> 45997 | J11: =J10 -> 45998 | ... AH11: =AH10 -> 46022
A12: ベッド表 割り当て | B12: 1 | C12: 星野 | D12: 星野 | E12: 星野 | F12: 鈴木 | G12: 鈴木 | H12: 鈴木 | I12: 鈴木 | J12: 星野 | K12: 星野 | L12: 星野 | M12: 鈴木 | N12: 鈴木 | O12: 鈴木 | P12: 鈴木 | Q12: 星野 | R12: 星野 | S12: 星野 | T12: 鈴木 | U12: 鈴木 | V12: 鈴木 | W12: 鈴木 | X12: 山地 | Y12: 高橋 | Z12: 高橋 | AA12: 鈴木 | AB12: 鈴木 | AC12: 鈴木 | AD12: 鈴木 | AF12: 高橋 | AG12: 澤井
B13: 2 | C13: 山地 | D13: 伊ミ | E13: 高橋 | F13: 渡邊 | G13: 渡邊 | H13: 渡邊 | I13: 渡邊 | J13: 渡邊 | K13: 川原 | L13: 川原 | M13: 渡邊 | N13: 渡邊 | O13: 渡邊 | P13: 渡邊 | Q13: 渡邊 | R13: 伊ミ | S13: 川原 | T13: 渡邊 | U13: 渡邊 | V13: 渡邊 | W13: 渡邊 | X13: 渡邊 | Y13: 伊ミ | Z13: 佐々 | AA13: 渡邊 | AB13: 渡邊 | AC13: 渡邊 | AD13: 渡邊 | AE13: 渡邊 | AF13: 伊ミ
B14: 3 | C14: 安藤 | D14: 安藤 | E14: 安藤 | F14: 山地 | G14: 高橋 | H14: 安藤 | I14: 安藤 | J14: 川原 | K14: 安藤 | L14: 安藤 | M14: 川原 | N14: 川原 | O14: 安藤 | P14: 山地 | Q14: 安藤 | R14: 安藤 | S14: 安藤 | T14: 山地 | U14: 安藤 | V14: 安藤 | W14: 川原 | X14: 川原 | Y14: 安藤 | Z14: 安藤 | AB14: 安藤 | AC14: 安藤 | AD14: 石井 | AE14: 石井 | AF14: 安藤 | AG14: 安藤
B15: 4 | C15: 工藤 | D15: 工藤 | E15: 工藤 | F15: 石井 | G15: 石井 | I15: 山地 | J15: 山地 | K15: 工藤 | L15: 工藤 | M15: 佐々 | N15: 佐々 | O15: 佐々 | P15: 佐々 | Q15: 山地 | R15: 工藤 | S15: 工藤 | T15: 川原 | U15: 川原 | V15: 川原 | W15: 石井 | X15: 石井 | Y15: 工藤 | Z15: 工藤 | AA15: 川原 | AB15: 川原 | AC15: 川原 | AD15: 川原 | AE15: 山地 | AF15: 工藤 | AG15: 工藤
B16: 5 | C16: 澤登 | E16: 澤井 | F16: 澤登 | G16: 澤登 | H16: 澤登 | I16: 澤登 | J16: 澤登 | K16: 高橋 | L16: 高橋 | M16: 澤登 | N16: 澤登 | O16: 澤登 | P16: 澤登 | Q16: 澤登 | R16: 高橋 | S16: 高橋 | T16: 澤登 | U16: 澤登 | V16: 澤登 | W16: 澤登 | X16: 澤登 | Y16: 川原 | Z16: 川原 | AA16: 澤登 | AB16: 澤登 | AC16: 澤登 | AD16: 澤登 | AE16: 澤登 | AF16: 澤登 | AG16: 澤登
B17: 6 | C17: 吉田 | D17: 吉田 | E17: 吉田 | F17: 佐々 | G17: 佐々 | H17: 佐々 | I17: 佐々 | J17: 吉田 | K17: 吉田 | L17: 吉田 | M17: 吉田 | N17: 吉田 | O17: 吉田 | P17: 吉田 | Q17: 吉田 | R17: 吉田 | S17: 吉田 | T17: 佐々 | U17: 佐々 | V17: 佐々 | W17: 佐々 | X17: 吉田 | Y17: 吉田 | Z17: 吉田 | AA17: 佐々 | AB17: 佐々 | AC17: 佐々 | AD17: 佐々 | AE17: 吉田 | AF17: 吉田 | AG17: 吉田
B18: 7 | C18: 仲里 | D18: 仲里 | E18: 仲里 | F18: 山本 | G18: 山本 | H18: 山本 | I18: 仲里 | J18: 仲里 | K18: 仲里 | L18: 仲里 | M18: 山地 | N18: 山本 | O18: 山本 | P18: 仲里 | Q18: 仲里 | R18: 仲里 | S18: 仲里 | T18: 山本 | U18: 山本 | V18: 山本 | W18: 仲里 | X18: 仲里 | Y18: 仲里 | Z18: 仲里 | AA18: 山本 | AB18: 山本 | AC18: 山本 | AD18: 仲里 | AE18: 仲里 | AF18: 仲里 | AG18: 仲里
B19: 8 | C19: 二宮 | D19: 二宮 | E19: 二宮 | F19: 星野 | G19: 星野 | H19: 星野 | I19: 星野 | J19: 二宮 | K19: 二宮 | L19: 二宮 | M19: 星野 | N19: 星野 | O19: 星野 | P19: 星野 | Q19: 二宮 | R19: 二宮 | S19: 二宮 | T19: 星野 | U19: 星野 | V19: 星野 | W19: 山地 | X19: 二宮 | Y19: 二宮 | Z19: 二宮 | AA19: 山地 | AC19: 高橋 | AD19: 山地 | AE19: 二宮 | AF19: 二宮 | AG19: 二宮
B20: 9 | C20: 川原 | D20: 高橋 | E20: 伊シ | F20: 伊シ | G20: 伊シ | H20: 伊シ | I20: 伊シ | J20: 伊シ | K20: 伊シ | L20: 伊シ | M20: 伊シ | N20: 伊シ | O20: 伊シ | P20: 伊シ | Q20: 川原 | R20: 川原 | S20: 伊シ | T20: 伊シ | U20: 伊シ | V20: 伊シ | W20: 伊シ | X20: 伊シ | Y20: 伊シ | Z20: 伊シ | AA20: 伊シ | AB20: 伊シ | AC20: 伊シ | AD20: 伊シ | AF20: 川原 | AG20: 伊シ
A23: 小規模多機能ベッド表
A24: =D10 -> 45992 | D24: =D10 -> 45992 | E24: =E10 -> 45993 | F24: =F10 -> 45994 | G24: =G10 -> 45995 | H24: =H10 -> 45996 | I24: =I10 -> 45997 | J24: =J10 -> 45998 | K24: =K10 -> 45999 | ... AH24: =AH10 -> 46022
D25: =D11 -> 45992 | E25: =E11 -> 45993 | F25: =F11 -> 45994 | G25: =G11 -> 45995 | H25: =H11 -> 45996 | I25: =I11 -> 45997 | J25: =J11 -> 45998 | K25: =K11 -> 45999 | ... AH25: =AH11 -> 46022
A26: 1号室 | D26: =IF(IFERROR(INDEX($D$83:$AH$111,MATCH(C12,$B$83:$B$111,0),D$49-1),0)=退所日,C12,IF(IFERROR(INDEX($D$83:$AH$111,MATCH(D12,$B$83:$B$111,0),D$49-1),0)=連泊日,D12,"")) -> 星野 | E26: =IF(IFERROR(INDEX($D$83:$AH$111,MATCH(D12,$B$83:$B$111,0),E$49-1),0)=退所日,D12,IF(IFERROR(INDEX($D$83:$AH$111,MATCH(E12,$B$83:$B$111,0),E$49-1),0)=連泊日,E12,"")) -> 星野 | F26: =IF(IFERROR(INDEX($D$83:$AH$111,MATCH(E12,$B$83:$B$111,0),F$49-1),0)=退所日,E12,IF(IFERROR(INDEX($D$83:$AH$111,MATCH(F12,$B$83:$B$111,0),F$49-1),0)=連泊日,F12,"")) -> 鈴木 | G26: =IF(IFERROR(INDEX($D$83:$AH$111,MATCH(F12,$B$83:$B$111,0),G$49-1),0)=退所日,F12,IF(IFERROR(INDEX($D$83:$AH$111,MATCH(G12,$B$83:$B$111,0),G$49-1),0)=連泊日,G12,"")) -> 鈴木 | H26: =IF(IFERROR(INDEX($D$83:$AH$111,MATCH(G12,$B$83:$B$111,0),H$49-1),0)=退所日,G12,IF(IFERROR(INDEX($D$83:$AH$111,MATCH(H12,$B$83:$B$111,0),H$49-1),0)=連泊日,H12,"")) -> 鈴木 | I26: =IF(IFERROR(INDEX($D$83:$AH$111,MATCH(H12,$B$83:$B$111,0),I$49-1),0)=退所日,H12,IF(IFERROR(INDEX($D$83:$AH$111,MATCH(I12,$B$83:$B$111,0),I$49-1),0)=連泊日,I12,"")) | J26: =IF(IFERROR(INDEX($D$83:$AH$111,MATCH(I12,$B$83:$B$111,0),J$49-1),0)=退所日,I12,IF(IFERROR(INDEX($D$83:$AH$111,MATCH(J12,$B$83:$B$111,0),J$49-1),0)=連泊日,J12,"")) -> 星野 | K26: =IF(IFERROR(INDEX($D$83:$AH$111,MATCH(J12,$B$83:$B$111,0),K$49-1),0)=退所日,J12,IF(IFERROR(INDEX($D$83:$AH$111,MATCH(K12,$B$83:$B$111,0),K$49-1),0)=連泊日,K12,"")) -> 星野 | ... AH26: =IF(IFERROR(INDEX($D$83:$AH$111,MATCH(AG12,$B$83:$B$111,0),AH$49-1),0)=退所日,AG12,IF(IFERROR(INDEX($D$83:$AH$111,MATCH(AH12,$B$83:$B$111,0),AH$49-1),0)=連泊日,AH12,""))
D27: =IF(ISBLANK(D12),"",IF(OR(INDEX($D$83:$AH$111,MATCH(D12,$B$83:$B$111,0),D$49-1)={11,12}),D12,"")) -> 星野 | E27: =IF(ISBLANK(E12),"",IF(OR(INDEX($D$83:$AH$111,MATCH(E12,$B$83:$B$111,0),E$49-1)={11,12}),E12,"")) -> 星野 | F27: =IF(ISBLANK(F12),"",IF(OR(INDEX($D$83:$AH$111,MATCH(F12,$B$83:$B$111,0),F$49-1)={11,12}),F12,"")) -> 鈴木 | G27: =IF(ISBLANK(G12),"",IF(OR(INDEX($D$83:$AH$111,MATCH(G12,$B$83:$B$111,0),G$49-1)={11,12}),G12,"")) -> 鈴木 | H27: =IF(ISBLANK(H12),"",IF(OR(INDEX($D$83:$AH$111,MATCH(H12,$B$83:$B$111,0),H$49-1)={11,12}),H12,"")) | I27: =IF(ISBLANK(I12),"",IF(OR(INDEX($D$83:$AH$111,MATCH(I12,$B$83:$B$111,0),I$49-1)={11,12}),I12,"")) | J27: =IF(ISBLANK(J12),"",IF(OR(INDEX($D$83:$AH$111,MATCH(J12,$B$83:$B$111,0),J$49-1)={11,12}),J12,"")) -> 星野 | K27: =IF(ISBLANK(K12),"",IF(OR(INDEX($D$83:$AH$111,MATCH(K12,$B$83:$B$111,0),K$49-1)={11,12}),K12,"")) -> 星野 | ... AH27: =IF(ISBLANK(AH12),"",IF(OR(INDEX($D$83:$AH$111,MATCH(AH12,$B$83:$B$111,0),AH$49-1)={11,12}),AH12,""))
A28: 2号室 | D28: =IF(IFERROR(INDEX($D$83:$AH$111,MATCH(C13,$B$83:$B$111,0),D$49-1),0)=退所日,C13,IF(IFERROR(INDEX($D$83:$AH$111,MATCH(D13,$B$83:$B$111,0),D$49-1),0)=連泊日,D13,"")) | E28: =IF(IFERROR(INDEX($D$83:$AH$111,MATCH(D13,$B$83:$B$111,0),E$49-1),0)=退所日,D13,IF(IFERROR(INDEX($D$83:$AH$111,MATCH(E13,$B$83:$B$111,0),E$49-1),0)=連泊日,E13,"")) | F28: =IF(IFERROR(INDEX($D$83:$AH$111,MATCH(E13,$B$83:$B$111,0),F$49-1),0)=退所日,E13,IF(IFERROR(INDEX($D$83:$AH$111,MATCH(F13,$B$83:$B$111,0),F$49-1),0)=連泊日,F13,"")) -> 高橋 | G28: =IF(IFERROR(INDEX($D$83:$AH$111,MATCH(F13,$B$83:$B$111,0),G$49-1),0)=退所日,F13,IF(IFERROR(INDEX($D$83:$AH$111,MATCH(G13,$B$83:$B$111,0),G$49-1),0)=連泊日,G13,"")) -> 渡邊 | H28: =IF(IFERROR(INDEX($D$83:$AH$111,MATCH(G13,$B$83:$B$111,0),H$49-1),0)=退所日,G13,IF(IFERROR(INDEX($D$83:$AH$111,MATCH(H13,$B$83:$B$111,0),H$49-1),0)=連泊日,H13,"")) -> 渡邊 | I28: =IF(IFERROR(INDEX($D$83:$AH$111,MATCH(H13,$B$83:$B$111,0),I$49-1),0)=退所日,H13,IF(IFERROR(INDEX($D$83:$AH$111,MATCH(I13,$B$83:$B$111,0),I$49-1),0)=連泊日,I13,"")) -> 渡邊 | J28: =IF(IFERROR(INDEX($D$83:$AH$111,MATCH(I13,$B$83:$B$111,0),J$49-1),0)=退所日,I13,IF(IFERROR(INDEX($D$83:$AH$111,MATCH(J13,$B$83:$B$111,0),J$49-1),0)=連泊日,J13,"")) | K28: =IF(IFERROR(INDEX($D$83:$AH$111,MATCH(J13,$B$83:$B$111,0),K$49-1),0)=退所日,J13,IF(IFERROR(INDEX($D$83:$AH$111,MATCH(K13,$B$83:$B$111,0),K$49-1),0)=連泊日,K13,"")) -> 川原 | ... AH28: =IF(IFERROR(INDEX($D$83:$AH$111,MATCH(AG13,$B$83:$B$111,0),AH$49-1),0)=退所日,AG13,IF(IFERROR(INDEX($D$83:$AH$111,MATCH(AH13,$B$83:$B$111,0),AH$49-1),0)=連泊日,AH13,""))
D29: =IF(ISBLANK(D13),"",IF(OR(INDEX($D$83:$AH$111,MATCH(D13,$B$83:$B$111,0),D$49-1)={11,12}),D13,"")) | E29: =IF(ISBLANK(E13),"",IF(OR(INDEX($D$83:$AH$111,MATCH(E13,$B$83:$B$111,0),E$49-1)={11,12}),E13,"")) -> 高橋 | F29: =IF(ISBLANK(F13),"",IF(OR(INDEX($D$83:$AH$111,MATCH(F13,$B$83:$B$111,0),F$49-1)={11,12}),F13,"")) -> 渡邊 | G29: =IF(ISBLANK(G13),"",IF(OR(INDEX($D$83:$AH$111,MATCH(G13,$B$83:$B$111,0),G$49-1)={11,12}),G13,"")) -> 渡邊 | H29: =IF(ISBLANK(H13),"",IF(OR(INDEX($D$83:$AH$111,MATCH(H13,$B$83:$B$111,0),H$49-1)={11,12}),H13,"")) -> 渡邊 | I29: =IF(ISBLANK(I13),"",IF(OR(INDEX($D$83:$AH$111,MATCH(I13,$B$83:$B$111,0),I$49-1)={11,12}),I13,"")) | J29: =IF(ISBLANK(J13),"",IF(OR(INDEX($D$83:$AH$111,MATCH(J13,$B$83:$B$111,0),J$49-1)={11,12}),J13,"")) | K29: =IF(ISBLANK(K13),"",IF(OR(INDEX($D$83:$AH$111,MATCH(K13,$B$83:$B$111,0),K$49-1)={11,12}),K13,"")) -> 川原 | ... AH29: =IF(ISBLANK(AH13),"",IF(OR(INDEX($D$83:$AH$111,MATCH(AH13,$B$83:$B$111,0),AH$49-1)={11,12}),AH13,""))
A30: 3号室 | D30: =IF(IFERROR(INDEX($D$83:$AH$111,MATCH(C14,$B$83:$B$111,0),D$49-1),0)=退所日,C14,IF(IFERROR(INDEX($D$83:$AH$111,MATCH(D14,$B$83:$B$111,0),D$49-1),0)=連泊日,D14,"")) -> 安藤 | E30: =IF(IFERROR(INDEX($D$83:$AH$111,MATCH(D14,$B$83:$B$111,0),E$49-1),0)=退所日,D14,IF(IFERROR(INDEX($D$83:$AH$111,MATCH(E14,$B$83:$B$111,0),E$49-1),0)=連泊日,E14,"")) | F30: =IF(IFERROR(INDEX($D$83:$AH$111,MATCH(E14,$B$83:$B$111,0),F$49-1),0)=退所日,E14,IF(IFERROR(INDEX($D$83:$AH$111,MATCH(F14,$B$83:$B$111,0),F$49-1),0)=連泊日,F14,"")) | G30: =IF(IFERROR(INDEX($D$83:$AH$111,MATCH(F14,$B$83:$B$111,0),G$49-1),0)=退所日,F14,IF(IFERROR(INDEX($D$83:$AH$111,MATCH(G14,$B$83:$B$111,0),G$49-1),0)=連泊日,G14,"")) | H30: =IF(IFERROR(INDEX($D$83:$AH$111,MATCH(G14,$B$83:$B$111,0),H$49-1),0)=退所日,G14,IF(IFERROR(INDEX($D$83:$AH$111,MATCH(H14,$B$83:$B$111,0),H$49-1),0)=連泊日,H14,"")) | I30: =IF(IFERROR(INDEX($D$83:$AH$111,MATCH(H14,$B$83:$B$111,0),I$49-1),0)=退所日,H14,IF(IFERROR(INDEX($D$83:$AH$111,MATCH(I14,$B$83:$B$111,0),I$49-1),0)=連泊日,I14,"")) | J30: =IF(IFERROR(INDEX($D$83:$AH$111,MATCH(I14,$B$83:$B$111,0),J$49-1),0)=退所日,I14,IF(IFERROR(INDEX($D$83:$AH$111,MATCH(J14,$B$83:$B$111,0),J$49-1),0)=連泊日,J14,"")) | K30: =IF(IFERROR(INDEX($D$83:$AH$111,MATCH(J14,$B$83:$B$111,0),K$49-1),0)=退所日,J14,IF(IFERROR(INDEX($D$83:$AH$111,MATCH(K14,$B$83:$B$111,0),K$49-1),0)=連泊日,K14,"")) | ... AH30: =IF(IFERROR(INDEX($D$83:$AH$111,MATCH(AG14,$B$83:$B$111,0),AH$49-1),0)=退所日,AG14,IF(IFERROR(INDEX($D$83:$AH$111,MATCH(AH14,$B$83:$B$111,0),AH$49-1),0)=連泊日,AH14,""))
D31: =IF(ISBLANK(D14),"",IF(OR(INDEX($D$83:$AH$111,MATCH(D14,$B$83:$B$111,0),D$49-1)={11,12}),D14,"")) | E31: =IF(ISBLANK(E14),"",IF(OR(INDEX($D$83:$AH$111,MATCH(E14,$B$83:$B$111,0),E$49-1)={11,12}),E14,"")) -> 安藤 | F31: =IF(ISBLANK(F14),"",IF(OR(INDEX($D$83:$AH$111,MATCH(F14,$B$83:$B$111,0),F$49-1)={11,12}),F14,"")) | G31: =IF(ISBLANK(G14),"",IF(OR(INDEX($D$83:$AH$111,MATCH(G14,$B$83:$B$111,0),G$49-1)={11,12}),G14,"")) | H31: =IF(ISBLANK(H14),"",IF(OR(INDEX($D$83:$AH$111,MATCH(H14,$B$83:$B$111,0),H$49-1)={11,12}),H14,"")) | I31: =IF(ISBLANK(I14),"",IF(OR(INDEX($D$83:$AH$111,MATCH(I14,$B$83:$B$111,0),I$49-1)={11,12}),I14,"")) -> 安藤 | J31: =IF(ISBLANK(J14),"",IF(OR(INDEX($D$83:$AH$111,MATCH(J14,$B$83:$B$111,0),J$49-1)={11,12}),J14,"")) -> 川原 | K31: =IF(ISBLANK(K14),"",IF(OR(INDEX($D$83:$AH$111,MATCH(K14,$B$83:$B$111,0),K$49-1)={11,12}),K14,"")) | ... AH31: =IF(ISBLANK(AH14),"",IF(OR(INDEX($D$83:$AH$111,MATCH(AH14,$B$83:$B$111,0),AH$49-1)={11,12}),AH14,""))
A32: 4号室 | D32: =IF(IFERROR(INDEX($D$83:$AH$111,MATCH(C15,$B$83:$B$111,0),D$49-1),0)=退所日,C15,IF(IFERROR(INDEX($D$83:$AH$111,MATCH(D15,$B$83:$B$111,0),D$49-1),0)=連泊日,D15,"")) -> 工藤 | E32: =IF(IFERROR(INDEX($D$83:$AH$111,MATCH(D15,$B$83:$B$111,0),E$49-1),0)=退所日,D15,IF(IFERROR(INDEX($D$83:$AH$111,MATCH(E15,$B$83:$B$111,0),E$49-1),0)=連泊日,E15,"")) | F32: =IF(IFERROR(INDEX($D$83:$AH$111,MATCH(E15,$B$83:$B$111,0),F$49-1),0)=退所日,E15,IF(IFERROR(INDEX($D$83:$AH$111,MATCH(F15,$B$83:$B$111,0),F$49-1),0)=連泊日,F15,"")) -> 石井 | G32: =IF(IFERROR(INDEX($D$83:$AH$111,MATCH(F15,$B$83:$B$111,0),G$49-1),0)=退所日,F15,IF(IFERROR(INDEX($D$83:$AH$111,MATCH(G15,$B$83:$B$111,0),G$49-1),0)=連泊日,G15,"")) -> 石井 | H32: =IF(IFERROR(INDEX($D$83:$AH$111,MATCH(G15,$B$83:$B$111,0),H$49-1),0)=退所日,G15,IF(IFERROR(INDEX($D$83:$AH$111,MATCH(H15,$B$83:$B$111,0),H$49-1),0)=連泊日,H15,"")) -> 石井 | I32: =IF(IFERROR(INDEX($D$83:$AH$111,MATCH(H15,$B$83:$B$111,0),I$49-1),0)=退所日,H15,IF(IFERROR(INDEX($D$83:$AH$111,MATCH(I15,$B$83:$B$111,0),I$49-1),0)=連泊日,I15,"")) | J32: =IF(IFERROR(INDEX($D$83:$AH$111,MATCH(I15,$B$83:$B$111,0),J$49-1),0)=退所日,I15,IF(IFERROR(INDEX($D$83:$AH$111,MATCH(J15,$B$83:$B$111,0),J$49-1),0)=連泊日,J15,"")) | K32: =IF(IFERROR(INDEX($D$83:$AH$111,MATCH(J15,$B$83:$B$111,0),K$49-1),0)=退所日,J15,IF(IFERROR(INDEX($D$83:$AH$111,MATCH(K15,$B$83:$B$111,0),K$49-1),0)=連泊日,K15,"")) | ... AH32: =IF(IFERROR(INDEX($D$83:$AH$111,MATCH(AG15,$B$83:$B$111,0),AH$49-1),0)=退所日,AG15,IF(IFERROR(INDEX($D$83:$AH$111,MATCH(AH15,$B$83:$B$111,0),AH$49-1),0)=連泊日,AH15,""))
D33: =IF(ISBLANK(D15),"",IF(OR(INDEX($D$83:$AH$111,MATCH(D15,$B$83:$B$111,0),D$49-1)={11,12}),D15,"")) | E33: =IF(ISBLANK(E15),"",IF(OR(INDEX($D$83:$AH$111,MATCH(E15,$B$83:$B$111,0),E$49-1)={11,12}),E15,"")) | F33: =IF(ISBLANK(F15),"",IF(OR(INDEX($D$83:$AH$111,MATCH(F15,$B$83:$B$111,0),F$49-1)={11,12}),F15,"")) -> 石井 | G33: =IF(ISBLANK(G15),"",IF(OR(INDEX($D$83:$AH$111,MATCH(G15,$B$83:$B$111,0),G$49-1)={11,12}),G15,"")) -> 石井 | H33: =IF(ISBLANK(H15),"",IF(OR(INDEX($D$83:$AH$111,MATCH(H15,$B$83:$B$111,0),H$49-1)={11,12}),H15,"")) | I33: =IF(ISBLANK(I15),"",IF(OR(INDEX($D$83:$AH$111,MATCH(I15,$B$83:$B$111,0),I$49-1)={11,12}),I15,"")) | J33: =IF(ISBLANK(J15),"",IF(OR(INDEX($D$83:$AH$111,MATCH(J15,$B$83:$B$111,0),J$49-1)={11,12}),J15,"")) | K33: =IF(ISBLANK(K15),"",IF(OR(INDEX($D$83:$AH$111,MATCH(K15,$B$83:$B$111,0),K$49-1)={11,12}),K15,"")) | ... AH33: =IF(ISBLANK(AH15),"",IF(OR(INDEX($D$83:$AH$111,MATCH(AH15,$B$83:$B$111,0),AH$49-1)={11,12}),AH15,""))
A34: 5号室 | D34: =IF(IFERROR(INDEX($D$83:$AH$111,MATCH(C16,$B$83:$B$111,0),D$49-1),0)=退所日,C16,IF(IFERROR(INDEX($D$83:$AH$111,MATCH(D16,$B$83:$B$111,0),D$49-1),0)=連泊日,D16,"")) | E34: =IF(IFERROR(INDEX($D$83:$AH$111,MATCH(D16,$B$83:$B$111,0),E$49-1),0)=退所日,D16,IF(IFERROR(INDEX($D$83:$AH$111,MATCH(E16,$B$83:$B$111,0),E$49-1),0)=連泊日,E16,"")) | F34: =IF(IFERROR(INDEX($D$83:$AH$111,MATCH(E16,$B$83:$B$111,0),F$49-1),0)=退所日,E16,IF(IFERROR(INDEX($D$83:$AH$111,MATCH(F16,$B$83:$B$111,0),F$49-1),0)=連泊日,F16,"")) -> 澤登 | G34: =IF(IFERROR(INDEX($D$83:$AH$111,MATCH(F16,$B$83:$B$111,0),G$49-1),0)=退所日,F16,IF(IFERROR(INDEX($D$83:$AH$111,MATCH(G16,$B$83:$B$111,0),G$49-1),0)=連泊日,G16,"")) -> 澤登 | H34: =IF(IFERROR(INDEX($D$83:$AH$111,MATCH(G16,$B$83:$B$111,0),H$49-1),0)=退所日,G16,IF(IFERROR(INDEX($D$83:$AH$111,MATCH(H16,$B$83:$B$111,0),H$49-1),0)=連泊日,H16,"")) -> 澤登 | I34: =IF(IFERROR(INDEX($D$83:$AH$111,MATCH(H16,$B$83:$B$111,0),I$49-1),0)=退所日,H16,IF(IFERROR(INDEX($D$83:$AH$111,MATCH(I16,$B$83:$B$111,0),I$49-1),0)=連泊日,I16,"")) -> 澤登 | J34: =IF(IFERROR(INDEX($D$83:$AH$111,MATCH(I16,$B$83:$B$111,0),J$49-1),0)=退所日,I16,IF(IFERROR(INDEX($D$83:$AH$111,MATCH(J16,$B$83:$B$111,0),J$49-1),0)=連泊日,J16,"")) -> 澤登 | K34: =IF(IFERROR(INDEX($D$83:$AH$111,MATCH(J16,$B$83:$B$111,0),K$49-1),0)=退所日,J16,IF(IFERROR(INDEX($D$83:$AH$111,MATCH(K16,$B$83:$B$111,0),K$49-1),0)=連泊日,K16,"")) | ... AH34: =IF(IFERROR(INDEX($D$83:$AH$111,MATCH(AG16,$B$83:$B$111,0),AH$49-1),0)=退所日,AG16,IF(IFERROR(INDEX($D$83:$AH$111,MATCH(AH16,$B$83:$B$111,0),AH$49-1),0)=連泊日,AH16,""))
D35: =IF(ISBLANK(D16),"",IF(OR(INDEX($D$83:$AH$111,MATCH(D16,$B$83:$B$111,0),D$49-1)={11,12}),D16,"")) | E35: =IF(ISBLANK(E16),"",IF(OR(INDEX($D$83:$AH$111,MATCH(E16,$B$83:$B$111,0),E$49-1)={11,12}),E16,"")) | F35: =IF(ISBLANK(F16),"",IF(OR(INDEX($D$83:$AH$111,MATCH(F16,$B$83:$B$111,0),F$49-1)={11,12}),F16,"")) -> 澤登 | G35: =IF(ISBLANK(G16),"",IF(OR(INDEX($D$83:$AH$111,MATCH(G16,$B$83:$B$111,0),G$49-1)={11,12}),G16,"")) -> 澤登 | H35: =IF(ISBLANK(H16),"",IF(OR(INDEX($D$83:$AH$111,MATCH(H16,$B$83:$B$111,0),H$49-1)={11,12}),H16,"")) -> 澤登 | I35: =IF(ISBLANK(I16),"",IF(OR(INDEX($D$83:$AH$111,MATCH(I16,$B$83:$B$111,0),I$49-1)={11,12}),I16,"")) -> 澤登 | J35: =IF(ISBLANK(J16),"",IF(OR(INDEX($D$83:$AH$111,MATCH(J16,$B$83:$B$111,0),J$49-1)={11,12}),J16,"")) -> 澤登 | K35: =IF(ISBLANK(K16),"",IF(OR(INDEX($D$83:$AH$111,MATCH(K16,$B$83:$B$111,0),K$49-1)={11,12}),K16,"")) | ... AH35: =IF(ISBLANK(AH16),"",IF(OR(INDEX($D$83:$AH$111,MATCH(AH16,$B$83:$B$111,0),AH$49-1)={11,12}),AH16,""))
A36: 6号室 | D36: =IF(IFERROR(INDEX($D$83:$AH$111,MATCH(C17,$B$83:$B$111,0),D$49-1),0)=退所日,C17,IF(IFERROR(INDEX($D$83:$AH$111,MATCH(D17,$B$83:$B$111,0),D$49-1),0)=連泊日,D17,"")) -> 吉田 | E36: =IF(IFERROR(INDEX($D$83:$AH$111,MATCH(D17,$B$83:$B$111,0),E$49-1),0)=退所日,D17,IF(IFERROR(INDEX($D$83:$AH$111,MATCH(E17,$B$83:$B$111,0),E$49-1),0)=連泊日,E17,"")) | F36: =IF(IFERROR(INDEX($D$83:$AH$111,MATCH(E17,$B$83:$B$111,0),F$49-1),0)=退所日,E17,IF(IFERROR(INDEX($D$83:$AH$111,MATCH(F17,$B$83:$B$111,0),F$49-1),0)=連泊日,F17,"")) -> 佐々 | G36: =IF(IFERROR(INDEX($D$83:$AH$111,MATCH(F17,$B$83:$B$111,0),G$49-1),0)=退所日,F17,IF(IFERROR(INDEX($D$83:$AH$111,MATCH(G17,$B$83:$B$111,0),G$49-1),0)=連泊日,G17,"")) -> 佐々 | H36: =IF(IFERROR(INDEX($D$83:$AH$111,MATCH(G17,$B$83:$B$111,0),H$49-1),0)=退所日,G17,IF(IFERROR(INDEX($D$83:$AH$111,MATCH(H17,$B$83:$B$111,0),H$49-1),0)=連泊日,H17,"")) -> 佐々 | I36: =IF(IFERROR(INDEX($D$83:$AH$111,MATCH(H17,$B$83:$B$111,0),I$49-1),0)=退所日,H17,IF(IFERROR(INDEX($D$83:$AH$111,MATCH(I17,$B$83:$B$111,0),I$49-1),0)=連泊日,I17,"")) | J36: =IF(IFERROR(INDEX($D$83:$AH$111,MATCH(I17,$B$83:$B$111,0),J$49-1),0)=退所日,I17,IF(IFERROR(INDEX($D$83:$AH$111,MATCH(J17,$B$83:$B$111,0),J$49-1),0)=連泊日,J17,"")) -> 吉田 | K36: =IF(IFERROR(INDEX($D$83:$AH$111,MATCH(J17,$B$83:$B$111,0),K$49-1),0)=退所日,J17,IF(IFERROR(INDEX($D$83:$AH$111,MATCH(K17,$B$83:$B$111,0),K$49-1),0)=連泊日,K17,"")) -> 吉田 | ... AH36: =IF(IFERROR(INDEX($D$83:$AH$111,MATCH(AG17,$B$83:$B$111,0),AH$49-1),0)=退所日,AG17,IF(IFERROR(INDEX($D$83:$AH$111,MATCH(AH17,$B$83:$B$111,0),AH$49-1),0)=連泊日,AH17,""))
D37: =IF(ISBLANK(D17),"",IF(OR(INDEX($D$83:$AH$111,MATCH(D17,$B$83:$B$111,0),D$49-1)={11,12}),D17,"")) | E37: =IF(ISBLANK(E17),"",IF(OR(INDEX($D$83:$AH$111,MATCH(E17,$B$83:$B$111,0),E$49-1)={11,12}),E17,"")) | F37: =IF(ISBLANK(F17),"",IF(OR(INDEX($D$83:$AH$111,MATCH(F17,$B$83:$B$111,0),F$49-1)={11,12}),F17,"")) -> 佐々 | G37: =IF(ISBLANK(G17),"",IF(OR(INDEX($D$83:$AH$111,MATCH(G17,$B$83:$B$111,0),G$49-1)={11,12}),G17,"")) -> 佐々 | H37: =IF(ISBLANK(H17),"",IF(OR(INDEX($D$83:$AH$111,MATCH(H17,$B$83:$B$111,0),H$49-1)={11,12}),H17,"")) | I37: =IF(ISBLANK(I17),"",IF(OR(INDEX($D$83:$AH$111,MATCH(I17,$B$83:$B$111,0),I$49-1)={11,12}),I17,"")) | J37: =IF(ISBLANK(J17),"",IF(OR(INDEX($D$83:$AH$111,MATCH(J17,$B$83:$B$111,0),J$49-1)={11,12}),J17,"")) -> 吉田 | K37: =IF(ISBLANK(K17),"",IF(OR(INDEX($D$83:$AH$111,MATCH(K17,$B$83:$B$111,0),K$49-1)={11,12}),K17,"")) -> 吉田 | ... AH37: =IF(ISBLANK(AH17),"",IF(OR(INDEX($D$83:$AH$111,MATCH(AH17,$B$83:$B$111,0),AH$49-1)={11,12}),AH17,""))
A38: 7号室 | D38: =IF(IFERROR(INDEX($D$83:$AH$111,MATCH(C18,$B$83:$B$111,0),D$49-1),0)=退所日,C18,IF(IFERROR(INDEX($D$83:$AH$111,MATCH(D18,$B$83:$B$111,0),D$49-1),0)=連泊日,D18,"")) -> 仲里 | E38: =IF(IFERROR(INDEX($D$83:$AH$111,MATCH(D18,$B$83:$B$111,0),E$49-1),0)=退所日,D18,IF(IFERROR(INDEX($D$83:$AH$111,MATCH(E18,$B$83:$B$111,0),E$49-1),0)=連泊日,E18,"")) | F38: =IF(IFERROR(INDEX($D$83:$AH$111,MATCH(E18,$B$83:$B$111,0),F$49-1),0)=退所日,E18,IF(IFERROR(INDEX($D$83:$AH$111,MATCH(F18,$B$83:$B$111,0),F$49-1),0)=連泊日,F18,"")) -> 山本 | G38: =IF(IFERROR(INDEX($D$83:$AH$111,MATCH(F18,$B$83:$B$111,0),G$49-1),0)=退所日,F18,IF(IFERROR(INDEX($D$83:$AH$111,MATCH(G18,$B$83:$B$111,0),G$49-1),0)=連泊日,G18,"")) -> 山本 | H38: =IF(IFERROR(INDEX($D$83:$AH$111,MATCH(G18,$B$83:$B$111,0),H$49-1),0)=退所日,G18,IF(IFERROR(INDEX($D$83:$AH$111,MATCH(H18,$B$83:$B$111,0),H$49-1),0)=連泊日,H18,"")) | I38: =IF(IFERROR(INDEX($D$83:$AH$111,MATCH(H18,$B$83:$B$111,0),I$49-1),0)=退所日,H18,IF(IFERROR(INDEX($D$83:$AH$111,MATCH(I18,$B$83:$B$111,0),I$49-1),0)=連泊日,I18,"")) -> 仲里 | J38: =IF(IFERROR(INDEX($D$83:$AH$111,MATCH(I18,$B$83:$B$111,0),J$49-1),0)=退所日,I18,IF(IFERROR(INDEX($D$83:$AH$111,MATCH(J18,$B$83:$B$111,0),J$49-1),0)=連泊日,J18,"")) -> 仲里 | K38: =IF(IFERROR(INDEX($D$83:$AH$111,MATCH(J18,$B$83:$B$111,0),K$49-1),0)=退所日,J18,IF(IFERROR(INDEX($D$83:$AH$111,MATCH(K18,$B$83:$B$111,0),K$49-1),0)=連泊日,K18,"")) -> 仲里 | ... AH38: =IF(IFERROR(INDEX($D$83:$AH$111,MATCH(AG18,$B$83:$B$111,0),AH$49-1),0)=退所日,AG18,IF(IFERROR(INDEX($D$83:$AH$111,MATCH(AH18,$B$83:$B$111,0),AH$49-1),0)=連泊日,AH18,""))
D39: =IF(ISBLANK(D18),"",IF(OR(INDEX($D$83:$AH$111,MATCH(D18,$B$83:$B$111,0),D$49-1)={11,12}),D18,"")) | E39: =IF(ISBLANK(E18),"",IF(OR(INDEX($D$83:$AH$111,MATCH(E18,$B$83:$B$111,0),E$49-1)={11,12}),E18,"")) | F39: =IF(ISBLANK(F18),"",IF(OR(INDEX($D$83:$AH$111,MATCH(F18,$B$83:$B$111,0),F$49-1)={11,12}),F18,"")) -> 山本 | G39: =IF(ISBLANK(G18),"",IF(OR(INDEX($D$83:$AH$111,MATCH(G18,$B$83:$B$111,0),G$49-1)={11,12}),G18,"")) | H39: =IF(ISBLANK(H18),"",IF(OR(INDEX($D$83:$AH$111,MATCH(H18,$B$83:$B$111,0),H$49-1)={11,12}),H18,"")) | I39: =IF(ISBLANK(I18),"",IF(OR(INDEX($D$83:$AH$111,MATCH(I18,$B$83:$B$111,0),I$49-1)={11,12}),I18,"")) -> 仲里 | J39: =IF(ISBLANK(J18),"",IF(OR(INDEX($D$83:$AH$111,MATCH(J18,$B$83:$B$111,0),J$49-1)={11,12}),J18,"")) -> 仲里 | K39: =IF(ISBLANK(K18),"",IF(OR(INDEX($D$83:$AH$111,MATCH(K18,$B$83:$B$111,0),K$49-1)={11,12}),K18,"")) | ... AH39: =IF(ISBLANK(AH18),"",IF(OR(INDEX($D$83:$AH$111,MATCH(AH18,$B$83:$B$111,0),AH$49-1)={11,12}),AH18,""))
A40: 8号室 | D40: =IF(IFERROR(INDEX($D$83:$AH$111,MATCH(C19,$B$83:$B$111,0),D$49-1),0)=退所日,C19,IF(IFERROR(INDEX($D$83:$AH$111,MATCH(D19,$B$83:$B$111,0),D$49-1),0)=連泊日,D19,"")) -> 二宮 | E40: =IF(IFERROR(INDEX($D$83:$AH$111,MATCH(D19,$B$83:$B$111,0),E$49-1),0)=退所日,D19,IF(IFERROR(INDEX($D$83:$AH$111,MATCH(E19,$B$83:$B$111,0),E$49-1),0)=連泊日,E19,"")) | F40: =IF(IFERROR(INDEX($D$83:$AH$111,MATCH(E19,$B$83:$B$111,0),F$49-1),0)=退所日,E19,IF(IFERROR(INDEX($D$83:$AH$111,MATCH(F19,$B$83:$B$111,0),F$49-1),0)=連泊日,F19,"")) -> 星野 | G40: =IF(IFERROR(INDEX($D$83:$AH$111,MATCH(F19,$B$83:$B$111,0),G$49-1),0)=退所日,F19,IF(IFERROR(INDEX($D$83:$AH$111,MATCH(G19,$B$83:$B$111,0),G$49-1),0)=連泊日,G19,"")) -> 星野 | H40: =IF(IFERROR(INDEX($D$83:$AH$111,MATCH(G19,$B$83:$B$111,0),H$49-1),0)=退所日,G19,IF(IFERROR(INDEX($D$83:$AH$111,MATCH(H19,$B$83:$B$111,0),H$49-1),0)=連泊日,H19,"")) -> 星野 | I40: =IF(IFERROR(INDEX($D$83:$AH$111,MATCH(H19,$B$83:$B$111,0),I$49-1),0)=退所日,H19,IF(IFERROR(INDEX($D$83:$AH$111,MATCH(I19,$B$83:$B$111,0),I$49-1),0)=連泊日,I19,"")) -> 星野 | J40: =IF(IFERROR(INDEX($D$83:$AH$111,MATCH(I19,$B$83:$B$111,0),J$49-1),0)=退所日,I19,IF(IFERROR(INDEX($D$83:$AH$111,MATCH(J19,$B$83:$B$111,0),J$49-1),0)=連泊日,J19,"")) -> 二宮 | K40: =IF(IFERROR(INDEX($D$83:$AH$111,MATCH(J19,$B$83:$B$111,0),K$49-1),0)=退所日,J19,IF(IFERROR(INDEX($D$83:$AH$111,MATCH(K19,$B$83:$B$111,0),K$49-1),0)=連泊日,K19,"")) -> 二宮 | ... AH40: =IF(IFERROR(INDEX($D$83:$AH$111,MATCH(AG19,$B$83:$B$111,0),AH$49-1),0)=退所日,AG19,IF(IFERROR(INDEX($D$83:$AH$111,MATCH(AH19,$B$83:$B$111,0),AH$49-1),0)=連泊日,AH19,""))
D41: =IF(ISBLANK(D19),"",IF(OR(INDEX($D$83:$AH$111,MATCH(D19,$B$83:$B$111,0),D$49-1)={11,12}),D19,"")) | E41: =IF(ISBLANK(E19),"",IF(OR(INDEX($D$83:$AH$111,MATCH(E19,$B$83:$B$111,0),E$49-1)={11,12}),E19,"")) | F41: =IF(ISBLANK(F19),"",IF(OR(INDEX($D$83:$AH$111,MATCH(F19,$B$83:$B$111,0),F$49-1)={11,12}),F19,"")) -> 星野 | G41: =IF(ISBLANK(G19),"",IF(OR(INDEX($D$83:$AH$111,MATCH(G19,$B$83:$B$111,0),G$49-1)={11,12}),G19,"")) -> 星野 | H41: =IF(ISBLANK(H19),"",IF(OR(INDEX($D$83:$AH$111,MATCH(H19,$B$83:$B$111,0),H$49-1)={11,12}),H19,"")) -> 星野 | I41: =IF(ISBLANK(I19),"",IF(OR(INDEX($D$83:$AH$111,MATCH(I19,$B$83:$B$111,0),I$49-1)={11,12}),I19,"")) -> 星野 | J41: =IF(ISBLANK(J19),"",IF(OR(INDEX($D$83:$AH$111,MATCH(J19,$B$83:$B$111,0),J$49-1)={11,12}),J19,"")) -> 二宮 | K41: =IF(ISBLANK(K19),"",IF(OR(INDEX($D$83:$AH$111,MATCH(K19,$B$83:$B$111,0),K$49-1)={11,12}),K19,"")) | ... AH41: =IF(ISBLANK(AH19),"",IF(OR(INDEX($D$83:$AH$111,MATCH(AH19,$B$83:$B$111,0),AH$49-1)={11,12}),AH19,""))
A42: 9号室 | D42: =IF(IFERROR(INDEX($D$83:$AH$111,MATCH(C20,$B$83:$B$111,0),D$49-1),0)=退所日,C20,IF(IFERROR(INDEX($D$83:$AH$111,MATCH(D20,$B$83:$B$111,0),D$49-1),0)=連泊日,D20,"")) | E42: =IF(IFERROR(INDEX($D$83:$AH$111,MATCH(D20,$B$83:$B$111,0),E$49-1),0)=退所日,D20,IF(IFERROR(INDEX($D$83:$AH$111,MATCH(E20,$B$83:$B$111,0),E$49-1),0)=連泊日,E20,"")) -> 伊シ | F42: =IF(IFERROR(INDEX($D$83:$AH$111,MATCH(E20,$B$83:$B$111,0),F$49-1),0)=退所日,E20,IF(IFERROR(INDEX($D$83:$AH$111,MATCH(F20,$B$83:$B$111,0),F$49-1),0)=連泊日,F20,"")) -> 伊シ | G42: =IF(IFERROR(INDEX($D$83:$AH$111,MATCH(F20,$B$83:$B$111,0),G$49-1),0)=退所日,F20,IF(IFERROR(INDEX($D$83:$AH$111,MATCH(G20,$B$83:$B$111,0),G$49-1),0)=連泊日,G20,"")) -> 伊シ | H42: =IF(IFERROR(INDEX($D$83:$AH$111,MATCH(G20,$B$83:$B$111,0),H$49-1),0)=退所日,G20,IF(IFERROR(INDEX($D$83:$AH$111,MATCH(H20,$B$83:$B$111,0),H$49-1),0)=連泊日,H20,"")) -> 伊シ | I42: =IF(IFERROR(INDEX($D$83:$AH$111,MATCH(H20,$B$83:$B$111,0),I$49-1),0)=退所日,H20,IF(IFERROR(INDEX($D$83:$AH$111,MATCH(I20,$B$83:$B$111,0),I$49-1),0)=連泊日,I20,"")) -> 伊シ | J42: =IF(IFERROR(INDEX($D$83:$AH$111,MATCH(I20,$B$83:$B$111,0),J$49-1),0)=退所日,I20,IF(IFERROR(INDEX($D$83:$AH$111,MATCH(J20,$B$83:$B$111,0),J$49-1),0)=連泊日,J20,"")) -> 伊シ | K42: =IF(IFERROR(INDEX($D$83:$AH$111,MATCH(J20,$B$83:$B$111,0),K$49-1),0)=退所日,J20,IF(IFERROR(INDEX($D$83:$AH$111,MATCH(K20,$B$83:$B$111,0),K$49-1),0)=連泊日,K20,"")) -> 伊シ | ... AH42: =IF(IFERROR(INDEX($D$83:$AH$111,MATCH(AG20,$B$83:$B$111,0),AH$49-1),0)=退所日,AG20,IF(IFERROR(INDEX($D$83:$AH$111,MATCH(AH20,$B$83:$B$111,0),AH$49-1),0)=連泊日,AH20,""))
D43: =IF(ISBLANK(D20),"",IF(OR(INDEX($D$83:$AH$111,MATCH(D20,$B$83:$B$111,0),D$49-1)={11,12}),D20,"")) | E43: =IF(ISBLANK(E20),"",IF(OR(INDEX($D$83:$AH$111,MATCH(E20,$B$83:$B$111,0),E$49-1)={11,12}),E20,"")) -> 伊シ | F43: =IF(ISBLANK(F20),"",IF(OR(INDEX($D$83:$AH$111,MATCH(F20,$B$83:$B$111,0),F$49-1)={11,12}),F20,"")) -> 伊シ | G43: =IF(ISBLANK(G20),"",IF(OR(INDEX($D$83:$AH$111,MATCH(G20,$B$83:$B$111,0),G$49-1)={11,12}),G20,"")) -> 伊シ | H43: =IF(ISBLANK(H20),"",IF(OR(INDEX($D$83:$AH$111,MATCH(H20,$B$83:$B$111,0),H$49-1)={11,12}),H20,"")) -> 伊シ | I43: =IF(ISBLANK(I20),"",IF(OR(INDEX($D$83:$AH$111,MATCH(I20,$B$83:$B$111,0),I$49-1)={11,12}),I20,"")) -> 伊シ | J43: =IF(ISBLANK(J20),"",IF(OR(INDEX($D$83:$AH$111,MATCH(J20,$B$83:$B$111,0),J$49-1)={11,12}),J20,"")) -> 伊シ | K43: =IF(ISBLANK(K20),"",IF(OR(INDEX($D$83:$AH$111,MATCH(K20,$B$83:$B$111,0),K$49-1)={11,12}),K20,"")) -> 伊シ | ... AH43: =IF(ISBLANK(AH20),"",IF(OR(INDEX($D$83:$AH$111,MATCH(AH20,$B$83:$B$111,0),AH$49-1)={11,12}),AH20,""))
D44: ※入退所は太字で表示
B47: 日ごとの泊りIDX作成 | F47: =IFERROR(INDEX('3.【入力】調整表'!$D$288:$AI$319,MATCH($B63,'3.【入力】調整表'!$B$288:$B$319,0),C$62),0)
D48: 宿泊者リスト作りの準備処理として、日ごとの通番（上から順に採番）をこのテーブルに展開する
C49: 1 | D49: =C49+1 -> 2 | E49: =D49+1 -> 3 | F49: =E49+1 -> 4 | G49: =F49+1 -> 5 | H49: =G49+1 -> 6 | I49: =H49+1 -> 7 | J49: =I49+1 -> 8 | K49: =J49+1 -> 9 | ... AH49: =AG49+1 -> 32
A50: 1 | B50: =IFERROR(INDEX(【入力】調整表!$B$288:$B$319,MATCH($A50,【入力】調整表!$AK$288:$AK$319,0),1),"") -> 安藤 | C50: =日ごとの泊りIDX作成 -> 1 | D50: =日ごとの泊りIDX作成 -> 0 | E50: =日ごとの泊りIDX作成 -> 1 | F50: =日ごとの泊りIDX作成 -> 1 | G50: =日ごとの泊りIDX作成 -> 0 | H50: =日ごとの泊りIDX作成 -> 0 | I50: =日ごとの泊りIDX作成 -> 1 | J50: =日ごとの泊りIDX作成 -> 1 | ... AH50: =日ごとの泊りIDX作成 -> 1
A51: 2 | B51: =IFERROR(INDEX(【入力】調整表!$B$288:$B$319,MATCH($A51,【入力】調整表!$AK$288:$AK$319,0),1),"") -> 石井 | C51: =日ごとの泊りIDX作成 -> 0 | D51: =日ごとの泊りIDX作成 -> 0 | E51: =日ごとの泊りIDX作成 -> 2 | F51: =日ごとの泊りIDX作成 -> 2 | G51: =日ごとの泊りIDX作成 -> 1 | H51: =日ごとの泊りIDX作成 -> 0 | I51: =日ごとの泊りIDX作成 -> 0 | J51: =日ごとの泊りIDX作成 -> 0 | ... AH51: =日ごとの泊りIDX作成 -> 0
A52: 3 | B52: =IFERROR(INDEX(【入力】調整表!$B$288:$B$319,MATCH($A52,【入力】調整表!$AK$288:$AK$319,0),1),"") -> 伊シ | C52: =日ごとの泊りIDX作成 -> 2 | D52: =日ごとの泊りIDX作成 -> 1 | E52: =日ごとの泊りIDX作成 -> 3 | F52: =日ごとの泊りIDX作成 -> 3 | G52: =日ごとの泊りIDX作成 -> 2 | H52: =日ごとの泊りIDX作成 -> 1 | I52: =日ごとの泊りIDX作成 -> 2 | J52: =日ごとの泊りIDX作成 -> 2 | ... AH52: =日ごとの泊りIDX作成 -> 2
A53: 4 | B53: =IFERROR(INDEX(【入力】調整表!$B$288:$B$319,MATCH($A53,【入力】調整表!$AK$288:$AK$319,0),1),"") -> 伊ミ | C53: =日ごとの泊りIDX作成 -> 0 | D53: =日ごとの泊りIDX作成 -> 0 | E53: =日ごとの泊りIDX作成 -> 0 | F53: =日ごとの泊りIDX作成 -> 0 | G53: =日ごとの泊りIDX作成 -> 0 | H53: =日ごとの泊りIDX作成 -> 0 | I53: =日ごとの泊りIDX作成 -> 3 | J53: =日ごとの泊りIDX作成 -> 0 | ... AH53: =日ごとの泊りIDX作成 -> 0
A54: 5 | B54: =IFERROR(INDEX(【入力】調整表!$B$288:$B$319,MATCH($A54,【入力】調整表!$AK$288:$AK$319,0),1),"") -> 岩永 | C54: =日ごとの泊りIDX作成 -> 0 | D54: =日ごとの泊りIDX作成 -> 0 | E54: =日ごとの泊りIDX作成 -> 0 | F54: =日ごとの泊りIDX作成 -> 0 | G54: =日ごとの泊りIDX作成 -> 0 | H54: =日ごとの泊りIDX作成 -> 0 | I54: =日ごとの泊りIDX作成 -> 0 | J54: =日ごとの泊りIDX作成 -> 0 | ... AH54: =日ごとの泊りIDX作成 -> 3
A55: 6 | B55: =IFERROR(INDEX(【入力】調整表!$B$288:$B$319,MATCH($A55,【入力】調整表!$AK$288:$AK$319,0),1),"") -> 川原 | C55: =日ごとの泊りIDX作成 -> 0 | D55: =日ごとの泊りIDX作成 -> 2 | E55: =日ごとの泊りIDX作成 -> 0 | F55: =日ごとの泊りIDX作成 -> 4 | G55: =日ごとの泊りIDX作成 -> 0 | H55: =日ごとの泊りIDX作成 -> 2 | I55: =日ごとの泊りIDX作成 -> 0 | J55: =日ごとの泊りIDX作成 -> 3 | ... AH55: =日ごとの泊りIDX作成 -> 0
A56: 7 | B56: =IFERROR(INDEX(【入力】調整表!$B$288:$B$319,MATCH($A56,【入力】調整表!$AK$288:$AK$319,0),1),"") -> 工藤 | C56: =日ごとの泊りIDX作成 -> 3 | D56: =日ごとの泊りIDX作成 -> 0 | E56: =日ごとの泊りIDX作成 -> 0 | F56: =日ごとの泊りIDX作成 -> 0 | G56: =日ごとの泊りIDX作成 -> 0 | H56: =日ごとの泊りIDX作成 -> 0 | I56: =日ごとの泊りIDX作成 -> 4 | J56: =日ごとの泊りIDX作成 -> 4 | ... AH56: =日ごとの泊りIDX作成 -> 0
A57: 8 | B57: =IFERROR(INDEX(【入力】調整表!$B$288:$B$319,MATCH($A57,【入力】調整表!$AK$288:$AK$319,0),1),"") -> 佐々 | C57: =日ごとの泊りIDX作成 -> 0 | D57: =日ごとの泊りIDX作成 -> 3 | E57: =日ごとの泊りIDX作成 -> 4 | F57: =日ごとの泊りIDX作成 -> 5 | G57: =日ごとの泊りIDX作成 -> 3 | H57: =日ごとの泊りIDX作成 -> 0 | I57: =日ごとの泊りIDX作成 -> 0 | J57: =日ごとの泊りIDX作成 -> 0 | ... AH57: =日ごとの泊りIDX作成 -> 4
A58: 9 | B58: =IFERROR(INDEX(【入力】調整表!$B$288:$B$319,MATCH($A58,【入力】調整表!$AK$288:$AK$319,0),1),"") -> 澤井 | C58: =日ごとの泊りIDX作成 -> 4 | D58: =日ごとの泊りIDX作成 -> 0 | E58: =日ごとの泊りIDX作成 -> 0 | F58: =日ごとの泊りIDX作成 -> 0 | G58: =日ごとの泊りIDX作成 -> 0 | H58: =日ごとの泊りIDX作成 -> 0 | I58: =日ごとの泊りIDX作成 -> 0 | J58: =日ごとの泊りIDX作成 -> 0 | ... AH58: =日ごとの泊りIDX作成 -> 0
A59: 10 | B59: =IFERROR(INDEX(【入力】調整表!$B$288:$B$319,MATCH($A59,【入力】調整表!$AK$288:$AK$319,0),1),"") -> 澤登 | C59: =日ごとの泊りIDX作成 -> 5 | D59: =日ごとの泊りIDX作成 -> 4 | E59: =日ごとの泊りIDX作成 -> 5 | F59: =日ごとの泊りIDX作成 -> 6 | G59: =日ごとの泊りIDX作成 -> 4 | H59: =日ごとの泊りIDX作成 -> 3 | I59: =日ごとの泊りIDX作成 -> 5 | J59: =日ごとの泊りIDX作成 -> 5 | ... AH59: =日ごとの泊りIDX作成 -> 5
A60: 11 | B60: =IFERROR(INDEX(【入力】調整表!$B$288:$B$319,MATCH($A60,【入力】調整表!$AK$288:$AK$319,0),1),"") -> 鈴木 | C60: =日ごとの泊りIDX作成 -> 0 | D60: =日ごとの泊りIDX作成 -> 5 | E60: =日ごとの泊りIDX作成 -> 6 | F60: =日ごとの泊りIDX作成 -> 7 | G60: =日ごとの泊りIDX作成 -> 5 | H60: =日ごとの泊りIDX作成 -> 0 | I60: =日ごとの泊りIDX作成 -> 0 | J60: =日ごとの泊りIDX作成 -> 0 | ... AH60: =日ごとの泊りIDX作成 -> 6
A61: 12 | B61: =IFERROR(INDEX(【入力】調整表!$B$288:$B$319,MATCH($A61,【入力】調整表!$AK$288:$AK$319,0),1),"") -> 高橋 | C61: =日ごとの泊りIDX作成 -> 0 | D61: =日ごとの泊りIDX作成 -> 0 | E61: =日ごとの泊りIDX作成 -> 7 | F61: =日ごとの泊りIDX作成 -> 0 | G61: =日ごとの泊りIDX作成 -> 0 | H61: =日ごとの泊りIDX作成 -> 0 | I61: =日ごとの泊りIDX作成 -> 6 | J61: =日ごとの泊りIDX作成 -> 6 | ... AH61: =日ごとの泊りIDX作成 -> 7
... A78: 29 | B78: =IFERROR(INDEX(【入力】調整表!$B$288:$B$319,MATCH($A78,【入力】調整表!$AK$288:$AK$319,0),1),"") | C78: =日ごとの泊りIDX作成 -> 0 | D78: =日ごとの泊りIDX作成 -> 0 | E78: =日ごとの泊りIDX作成 -> 0 | F78: =日ごとの泊りIDX作成 -> 0 | G78: =日ごとの泊りIDX作成 -> 0 | H78: =日ごとの泊りIDX作成 -> 0 | I78: =日ごとの泊りIDX作成 -> 0 | J78: =日ごとの泊りIDX作成 -> 0 | ... AH78: =日ごとの泊りIDX作成 -> 0
B81: 泊り状況テーブル作成 | F81: =IFERROR(INDEX('3.【入力】調整表'!$E$113:$AI$176,ベッド!$C95,ベッド!D$61-1),0)
C82: ※調整表内の予定調整確定テーブルから、対象利用者の通い及び泊りの情報のみを抽出してここに展開する
A83: 1 | B83: =B50 -> 安藤 | C83: =IFERROR(INDEX(【入力】調整表!$AL$288:$AL$319,MATCH($A83,【入力】調整表!$AK$288:$AK$319,0),1),"") -> 3 | D83: =泊り状況テーブル作成 -> 13 | E83: =泊り状況テーブル作成 -> 11 | F83: =泊り状況テーブル作成 -> 12 | G83: =泊り状況テーブル作成 -> 13 | H83: =泊り状況テーブル作成 -> 0 | I83: =泊り状況テーブル作成 -> 11 | J83: =泊り状況テーブル作成 -> 12 | K83: =泊り状況テーブル作成 -> 13 | ... AH83: =泊り状況テーブル作成 -> 12
A84: 2 | B84: =B51 -> 石井 | C84: =IFERROR(INDEX(【入力】調整表!$AL$288:$AL$319,MATCH($A84,【入力】調整表!$AK$288:$AK$319,0),1),"") -> 5 | D84: =泊り状況テーブル作成 -> 14 | E84: =泊り状況テーブル作成 -> 11 | F84: =泊り状況テーブル作成 -> 12 | G84: =泊り状況テーブル作成 -> 12 | H84: =泊り状況テーブル作成 -> 13 | I84: =泊り状況テーブル作成 -> 14 | J84: =泊り状況テーブル作成 -> 0 | K84: =泊り状況テーブル作成 -> 14 | ... AH84: =泊り状況テーブル作成 -> 14
A85: 3 | B85: =B52 -> 伊シ | C85: =IFERROR(INDEX(【入力】調整表!$AL$288:$AL$319,MATCH($A85,【入力】調整表!$AK$288:$AK$319,0),1),"") -> 9 | D85: =泊り状況テーブル作成 -> 12 | E85: =泊り状況テーブル作成 -> 12 | F85: =泊り状況テーブル作成 -> 12 | G85: =泊り状況テーブル作成 -> 12 | H85: =泊り状況テーブル作成 -> 12 | I85: =泊り状況テーブル作成 -> 12 | J85: =泊り状況テーブル作成 -> 12 | K85: =泊り状況テーブル作成 -> 12 | ... AH85: =泊り状況テーブル作成 -> 12
A86: 4 | B86: =B53 -> 伊ミ | C86: =IFERROR(INDEX(【入力】調整表!$AL$288:$AL$319,MATCH($A86,【入力】調整表!$AK$288:$AK$319,0),1),"") -> 11 | D86: =泊り状況テーブル作成 -> 0 | E86: =泊り状況テーブル作成 -> 14 | F86: =泊り状況テーブル作成 -> 0 | G86: =泊り状況テーブル作成 -> 14 | H86: =泊り状況テーブル作成 -> 0 | I86: =泊り状況テーブル作成 -> 11 | J86: =泊り状況テーブル作成 -> 13 | K86: =泊り状況テーブル作成 -> 0 | ... AH86: =泊り状況テーブル作成 -> 0
A87: 5 | B87: =B54 -> 岩永 | C87: =IFERROR(INDEX(【入力】調整表!$AL$288:$AL$319,MATCH($A87,【入力】調整表!$AK$288:$AK$319,0),1),"") -> 13 | D87: =泊り状況テーブル作成 -> 14 | E87: =泊り状況テーブル作成 -> 0 | F87: =泊り状況テーブル作成 -> 14 | G87: =泊り状況テーブル作成 -> 0 | H87: =泊り状況テーブル作成 -> 14 | I87: =泊り状況テーブル作成 -> 0 | J87: =泊り状況テーブル作成 -> 0 | K87: =泊り状況テーブル作成 -> 14 | ... AH87: =泊り状況テーブル作成 -> 11
A88: 6 | B88: =B55 -> 川原 | C88: =IFERROR(INDEX(【入力】調整表!$AL$288:$AL$319,MATCH($A88,【入力】調整表!$AK$288:$AK$319,0),1),"") -> 15 | D88: =泊り状況テーブル作成 -> 11 | E88: =泊り状況テーブル作成 -> 13 | F88: =泊り状況テーブル作成 -> 11 | G88: =泊り状況テーブル作成 -> 13 | H88: =泊り状況テーブル作成 -> 11 | I88: =泊り状況テーブル作成 -> 13 | J88: =泊り状況テーブル作成 -> 11 | K88: =泊り状況テーブル作成 -> 12 | ... AH88: =泊り状況テーブル作成 -> 0
A89: 7 | B89: =B56 -> 工藤 | C89: =IFERROR(INDEX(【入力】調整表!$AL$288:$AL$319,MATCH($A89,【入力】調整表!$AK$288:$AK$319,0),1),"") -> 17 | D89: =泊り状況テーブル作成 -> 13 | E89: =泊り状況テーブル作成 -> 14 | F89: =泊り状況テーブル作成 -> 0 | G89: =泊り状況テーブル作成 -> 14 | H89: =泊り状況テーブル作成 -> 0 | I89: =泊り状況テーブル作成 -> 11 | J89: =泊り状況テーブル作成 -> 12 | K89: =泊り状況テーブル作成 -> 13 | ... AH89: =泊り状況テーブル作成 -> 14
A90: 8 | B90: =B57 -> 佐々 | C90: =IFERROR(INDEX(【入力】調整表!$AL$288:$AL$319,MATCH($A90,【入力】調整表!$AK$288:$AK$319,0),1),"") -> 21 | D90: =泊り状況テーブル作成 -> 11 | E90: =泊り状況テーブル作成 -> 12 | F90: =泊り状況テーブル作成 -> 12 | G90: =泊り状況テーブル作成 -> 12 | H90: =泊り状況テーブル作成 -> 13 | I90: =泊り状況テーブル作成 -> 0 | J90: =泊り状況テーブル作成 -> 0 | K90: =泊り状況テーブル作成 -> 11 | ... AH90: =泊り状況テーブル作成 -> 12
A91: 9 | B91: =B58 -> 澤井 | C91: =IFERROR(INDEX(【入力】調整表!$AL$288:$AL$319,MATCH($A91,【入力】調整表!$AK$288:$AK$319,0),1),"") -> 23 | D91: =泊り状況テーブル作成 -> 13 | E91: =泊り状況テーブル作成 -> 0 | F91: =泊り状況テーブル作成 -> 14 | G91: =泊り状況テーブル作成 -> 0 | H91: =泊り状況テーブル作成 -> 14 | I91: =泊り状況テーブル作成 -> 0 | J91: =泊り状況テーブル作成 -> 14 | K91: =泊り状況テーブル作成 -> 0 | ... AH91: =泊り状況テーブル作成 -> 14
A92: 10 | B92: =B59 -> 澤登 | C92: =IFERROR(INDEX(【入力】調整表!$AL$288:$AL$319,MATCH($A92,【入力】調整表!$AK$288:$AK$319,0),1),"") -> 25 | D92: =泊り状況テーブル作成 -> 12 | E92: =泊り状況テーブル作成 -> 12 | F92: =泊り状況テーブル作成 -> 12 | G92: =泊り状況テーブル作成 -> 12 | H92: =泊り状況テーブル作成 -> 12 | I92: =泊り状況テーブル作成 -> 12 | J92: =泊り状況テーブル作成 -> 12 | K92: =泊り状況テーブル作成 -> 12 | ... AH92: =泊り状況テーブル作成 -> 12
A93: 11 | B93: =B60 -> 鈴木 | C93: =IFERROR(INDEX(【入力】調整表!$AL$288:$AL$319,MATCH($A93,【入力】調整表!$AK$288:$AK$319,0),1),"") -> 29 | D93: =泊り状況テーブル作成 -> 11 | E93: =泊り状況テーブル作成 -> 12 | F93: =泊り状況テーブル作成 -> 12 | G93: =泊り状況テーブル作成 -> 12 | H93: =泊り状況テーブル作成 -> 13 | I93: =泊り状況テーブル作成 -> 0 | J93: =泊り状況テーブル作成 -> 0 | K93: =泊り状況テーブル作成 -> 11 | ... AH93: =泊り状況テーブル作成 -> 12
A94: 12 | B94: =B61 -> 高橋 | C94: =IFERROR(INDEX(【入力】調整表!$AL$288:$AL$319,MATCH($A94,【入力】調整表!$AK$288:$AK$319,0),1),"") -> 33 | D94: =泊り状況テーブル作成 -> 0 | E94: =泊り状況テーブル作成 -> 11 | F94: =泊り状況テーブル作成 -> 13 | G94: =泊り状況テーブル作成 -> 0 | H94: =泊り状況テーブル作成 -> 0 | I94: =泊り状況テーブル作成 -> 11 | J94: =泊り状況テーブル作成 -> 12 | K94: =泊り状況テーブル作成 -> 13 | ... AH94: =泊り状況テーブル作成 -> 11
... A111: 29 | B111: =B78 | C111: =IFERROR(INDEX(【入力】調整表!$AL$288:$AL$319,MATCH($A111,【入力】調整表!$AK$288:$AK$319,0),1),"") | D111: =泊り状況テーブル作成 -> 0 | E111: =泊り状況テーブル作成 -> 0 | F111: =泊り状況テーブル作成 -> 0 | G111: =泊り状況テーブル作成 -> 0 | H111: =泊り状況テーブル作成 -> 0 | I111: =泊り状況テーブル作成 -> 0 | J111: =泊り状況テーブル作成 -> 0 | K111: =泊り状況テーブル作成 -> 0 | ... AH111: =泊り状況テーブル作成 -> 0

Sheet 宿泊欄自動割当
A1: 1 | B1: =【入力・帳票】ベッド表!C1 -> 安藤 | C1: =【入力・帳票】ベッド表!D1 -> 伊シ | D1: =【入力・帳票】ベッド表!E1 -> 安藤 | E1: =【入力・帳票】ベッド表!F1 -> 安藤 | F1: =【入力・帳票】ベッド表!G1 -> 石井 | G1: =【入力・帳票】ベッド表!H1 -> 伊シ | H1: =【入力・帳票】ベッド表!I1 -> 安藤 | I1: =【入力・帳票】ベッド表!J1 -> 安藤 | ... AG1: =【入力・帳票】ベッド表!AH1 -> 安藤
A2: 2 | B2: =【入力・帳票】ベッド表!C2 -> 伊シ | C2: =【入力・帳票】ベッド表!D2 -> 川原 | D2: =【入力・帳票】ベッド表!E2 -> 石井 | E2: =【入力・帳票】ベッド表!F2 -> 石井 | F2: =【入力・帳票】ベッド表!G2 -> 伊シ | G2: =【入力・帳票】ベッド表!H2 -> 川原 | H2: =【入力・帳票】ベッド表!I2 -> 伊シ | I2: =【入力・帳票】ベッド表!J2 -> 伊シ | ... AG2: =【入力・帳票】ベッド表!AH2 -> 伊シ
A3: 3 | B3: =【入力・帳票】ベッド表!C3 -> 工藤 | C3: =【入力・帳票】ベッド表!D3 -> 佐々 | D3: =【入力・帳票】ベッド表!E3 -> 伊シ | E3: =【入力・帳票】ベッド表!F3 -> 伊シ | F3: =【入力・帳票】ベッド表!G3 -> 佐々 | G3: =【入力・帳票】ベッド表!H3 -> 澤登 | H3: =【入力・帳票】ベッド表!I3 -> 伊ミ | I3: =【入力・帳票】ベッド表!J3 -> 川原 | ... AG3: =【入力・帳票】ベッド表!AH3 -> 岩永
A4: 4 | B4: =【入力・帳票】ベッド表!C4 -> 澤井 | C4: =【入力・帳票】ベッド表!D4 -> 澤登 | D4: =【入力・帳票】ベッド表!E4 -> 佐々 | E4: =【入力・帳票】ベッド表!F4 -> 川原 | F4: =【入力・帳票】ベッド表!G4 -> 澤登 | G4: =【入力・帳票】ベッド表!H4 -> 仲里 | H4: =【入力・帳票】ベッド表!I4 -> 工藤 | I4: =【入力・帳票】ベッド表!J4 -> 工藤 | ... AG4: =【入力・帳票】ベッド表!AH4 -> 佐々
A5: 5 | B5: =【入力・帳票】ベッド表!C5 -> 澤登 | C5: =【入力・帳票】ベッド表!D5 -> 鈴木 | D5: =【入力・帳票】ベッド表!E5 -> 澤登 | E5: =【入力・帳票】ベッド表!F5 -> 佐々 | F5: =【入力・帳票】ベッド表!G5 -> 鈴木 | G5: =【入力・帳票】ベッド表!H5 -> 二宮 | H5: =【入力・帳票】ベッド表!I5 -> 澤登 | I5: =【入力・帳票】ベッド表!J5 -> 澤登 | ... AG5: =【入力・帳票】ベッド表!AH5 -> 澤登
A6: 6 | B6: =【入力・帳票】ベッド表!C6 -> 仲里 | C6: =【入力・帳票】ベッド表!D6 -> 星野 | D6: =【入力・帳票】ベッド表!E6 -> 鈴木 | E6: =【入力・帳票】ベッド表!F6 -> 澤登 | F6: =【入力・帳票】ベッド表!G6 -> 仲里 | G6: =【入力・帳票】ベッド表!H6 -> 星野 | H6: =【入力・帳票】ベッド表!I6 -> 高橋 | I6: =【入力・帳票】ベッド表!J6 -> 高橋 | ... AG6: =【入力・帳票】ベッド表!AH6 -> 鈴木
A7: 7 | B7: =【入力・帳票】ベッド表!C7 -> 二宮 | C7: =【入力・帳票】ベッド表!D7 -> 山地 | D7: =【入力・帳票】ベッド表!E7 -> 高橋 | E7: =【入力・帳票】ベッド表!F7 -> 鈴木 | F7: =【入力・帳票】ベッド表!G7 -> 星野 | G7: =【入力・帳票】ベッド表!H7 -> 山地 | H7: =【入力・帳票】ベッド表!I7 -> 仲里 | I7: =【入力・帳票】ベッド表!J7 -> 仲里 | ... AG7: =【入力・帳票】ベッド表!AH7 -> 高橋
A8: 8 | B8: =【入力・帳票】ベッド表!C8 -> 星野 | C8: =【入力・帳票】ベッド表!D8 -> 山本 | D8: =【入力・帳票】ベッド表!E8 -> 星野 | E8: =【入力・帳票】ベッド表!F8 -> 星野 | F8: =【入力・帳票】ベッド表!G8 -> 山地 | G8: =【入力・帳票】ベッド表!H8 -> 吉田 | H8: =【入力・帳票】ベッド表!I8 -> 二宮 | I8: =【入力・帳票】ベッド表!J8 -> 二宮 | ... AG8: =【入力・帳票】ベッド表!AH8 -> 渡邊
A9: 9 | B9: =【入力・帳票】ベッド表!C9 -> 吉田 | C9: =【入力・帳票】ベッド表!D9 -> 渡邊 | D9: =【入力・帳票】ベッド表!E9 -> 山本 | E9: =【入力・帳票】ベッド表!F9 -> 山本 | F9: =【入力・帳票】ベッド表!G9 -> 渡邊 | G9: =【入力・帳票】ベッド表!H9 -> 渡邊 | H9: =【入力・帳票】ベッド表!I9 -> 星野 | I9: =【入力・帳票】ベッド表!J9 -> 星野 | ... AG9: =【入力・帳票】ベッド表!AH9
B10: =【入力・帳票】ベッド表!C10 -> 45991 | C10: =【入力・帳票】ベッド表!D10 -> 45992 | D10: =【入力・帳票】ベッド表!E10 -> 45993 | E10: =【入力・帳票】ベッド表!F10 -> 45994 | F10: =【入力・帳票】ベッド表!G10 -> 45995 | G10: =【入力・帳票】ベッド表!H10 -> 45996 | H10: =【入力・帳票】ベッド表!I10 -> 45997 | I10: =【入力・帳票】ベッド表!J10 -> 45998 | ... AG10: =【入力・帳票】ベッド表!AH10 -> 46022
B11: =B10 -> 45991 | C11: =C10 -> 45992 | D11: =D10 -> 45993 | E11: =E10 -> 45994 | F11: =F10 -> 45995 | G11: =G10 -> 45996 | H11: =H10 -> 45997 | I11: =I10 -> 45998 | ... AG11: =AG10 -> 46022
A12: 1 | B12: =IFERROR(INDEX(B$1:B$9,MATCH($A12,B$64:B$72,0)),"") -> 安藤 | C12: =IFERROR(INDEX(C$1:C$9,MATCH($A12,C$64:C$72,0)),"") -> 川原 | D12: =IFERROR(INDEX(D$1:D$9,MATCH($A12,D$64:D$72,0)),"") -> 安藤 | E12: =IFERROR(INDEX(E$1:E$9,MATCH($A12,E$64:E$72,0)),"") -> 安藤 | F12: =IFERROR(INDEX(F$1:F$9,MATCH($A12,F$64:F$72,0)),"") -> 仲里 | G12: =IFERROR(INDEX(G$1:G$9,MATCH($A12,G$64:G$72,0)),"") -> 仲里 | H12: =IFERROR(INDEX(H$1:H$9,MATCH($A12,H$64:H$72,0)),"") -> 仲里 | I12: =IFERROR(INDEX(I$1:I$9,MATCH($A12,I$64:I$72,0)),"") -> 仲里 | ... AG12: =IFERROR(INDEX(AG$1:AG$9,MATCH($A12,AG$64:AG$72,0)),"") -> 佐々
A13: 2 | B13: =IFERROR(INDEX(B$1:B$9,MATCH($A13,B$64:B$72,0)),"") -> 伊シ | C13: =IFERROR(INDEX(C$1:C$9,MATCH($A13,C$64:C$72,0)),"") -> 伊シ | D13: =IFERROR(INDEX(D$1:D$9,MATCH($A13,D$64:D$72,0)),"") -> 伊シ | E13: =IFERROR(INDEX(E$1:E$9,MATCH($A13,E$64:E$72,0)),"") -> 伊シ | F13: =IFERROR(INDEX(F$1:F$9,MATCH($A13,F$64:F$72,0)),"") -> 伊シ | G13: =IFERROR(INDEX(G$1:G$9,MATCH($A13,G$64:G$72,0)),"") -> 伊シ | H13: =IFERROR(INDEX(H$1:H$9,MATCH($A13,H$64:H$72,0)),"") -> 伊シ | I13: =IFERROR(INDEX(I$1:I$9,MATCH($A13,I$64:I$72,0)),"") -> 伊シ | ... AG13: =IFERROR(INDEX(AG$1:AG$9,MATCH($A13,AG$64:AG$72,0)),"") -> 澤登
A14: 3 | B14: =IFERROR(INDEX(B$1:B$9,MATCH($A14,B$64:B$72,0)),"") -> 工藤 | C14: =IFERROR(INDEX(C$1:C$9,MATCH($A14,C$64:C$72,0)),"") -> 佐々 | D14: =IFERROR(INDEX(D$1:D$9,MATCH($A14,D$64:D$72,0)),"") -> 佐々 | E14: =IFERROR(INDEX(E$1:E$9,MATCH($A14,E$64:E$72,0)),"") -> 佐々 | F14: =IFERROR(INDEX(F$1:F$9,MATCH($A14,F$64:F$72,0)),"") -> 佐々 | G14: =IFERROR(INDEX(G$1:G$9,MATCH($A14,G$64:G$72,0)),"") -> 川原 | H14: =IFERROR(INDEX(H$1:H$9,MATCH($A14,H$64:H$72,0)),"") -> 安藤 | I14: =IFERROR(INDEX(I$1:I$9,MATCH($A14,I$64:I$72,0)),"") -> 安藤 | ... AG14: =IFERROR(INDEX(AG$1:AG$9,MATCH($A14,AG$64:AG$72,0)),"") -> 鈴木
A15: 4 | B15: =IFERROR(INDEX(B$1:B$9,MATCH($A15,B$64:B$72,0)),"") -> 澤井 | C15: =IFERROR(INDEX(C$1:C$9,MATCH($A15,C$64:C$72,0)),"") -> 鈴木 | D15: =IFERROR(INDEX(D$1:D$9,MATCH($A15,D$64:D$72,0)),"") -> 鈴木 | E15: =IFERROR(INDEX(E$1:E$9,MATCH($A15,E$64:E$72,0)),"") -> 鈴木 | F15: =IFERROR(INDEX(F$1:F$9,MATCH($A15,F$64:F$72,0)),"") -> 鈴木 | G15: =IFERROR(INDEX(G$1:G$9,MATCH($A15,G$64:G$72,0)),"") -> 二宮 | H15: =IFERROR(INDEX(H$1:H$9,MATCH($A15,H$64:H$72,0)),"") -> 二宮 | I15: =IFERROR(INDEX(I$1:I$9,MATCH($A15,I$64:I$72,0)),"") -> 二宮 | ... AG15: =IFERROR(INDEX(AG$1:AG$9,MATCH($A15,AG$64:AG$72,0)),"") -> 伊シ
A16: 5 | B16: =IFERROR(INDEX(B$1:B$9,MATCH($A16,B$64:B$72,0)),"") -> 澤登 | C16: =IFERROR(INDEX(C$1:C$9,MATCH($A16,C$64:C$72,0)),"") -> 澤登 | D16: =IFERROR(INDEX(D$1:D$9,MATCH($A16,D$64:D$72,0)),"") -> 澤登 | E16: =IFERROR(INDEX(E$1:E$9,MATCH($A16,E$64:E$72,0)),"") -> 澤登 | F16: =IFERROR(INDEX(F$1:F$9,MATCH($A16,F$64:F$72,0)),"") -> 澤登 | G16: =IFERROR(INDEX(G$1:G$9,MATCH($A16,G$64:G$72,0)),"") -> 澤登 | H16: =IFERROR(INDEX(H$1:H$9,MATCH($A16,H$64:H$72,0)),"") -> 澤登 | I16: =IFERROR(INDEX(I$1:I$9,MATCH($A16,I$64:I$72,0)),"") -> 澤登 | ... AG16: =IFERROR(INDEX(AG$1:AG$9,MATCH($A16,AG$64:AG$72,0)),"") -> 安藤
A17: 6 | B17: =IFERROR(INDEX(B$1:B$9,MATCH($A17,B$64:B$72,0)),"") -> 仲里 | C17: =IFERROR(INDEX(C$1:C$9,MATCH($A17,C$64:C$72,0)),"") -> 山地 | D17: =IFERROR(INDEX(D$1:D$9,MATCH($A17,D$64:D$72,0)),"") -> 石井 | E17: =IFERROR(INDEX(E$1:E$9,MATCH($A17,E$64:E$72,0)),"") -> 石井 | F17: =IFERROR(INDEX(F$1:F$9,MATCH($A17,F$64:F$72,0)),"") -> 石井 | G17: =IFERROR(INDEX(G$1:G$9,MATCH($A17,G$64:G$72,0)),"") -> 吉田 | H17: =IFERROR(INDEX(H$1:H$9,MATCH($A17,H$64:H$72,0)),"") | I17: =IFERROR(INDEX(I$1:I$9,MATCH($A17,I$64:I$72,0)),"") | ... AG17: =IFERROR(INDEX(AG$1:AG$9,MATCH($A17,AG$64:AG$72,0)),"") -> 岩永
A18: 7 | B18: =IFERROR(INDEX(B$1:B$9,MATCH($A18,B$64:B$72,0)),"") -> 二宮 | C18: =IFERROR(INDEX(C$1:C$9,MATCH($A18,C$64:C$72,0)),"") -> 山本 | D18: =IFERROR(INDEX(D$1:D$9,MATCH($A18,D$64:D$72,0)),"") -> 山本 | E18: =IFERROR(INDEX(E$1:E$9,MATCH($A18,E$64:E$72,0)),"") -> 山本 | F18: =IFERROR(INDEX(F$1:F$9,MATCH($A18,F$64:F$72,0)),"") -> 山地 | G18: =IFERROR(INDEX(G$1:G$9,MATCH($A18,G$64:G$72,0)),"") -> 山地 | H18: =IFERROR(INDEX(H$1:H$9,MATCH($A18,H$64:H$72,0)),"") -> 伊ミ | I18: =IFERROR(INDEX(I$1:I$9,MATCH($A18,I$64:I$72,0)),"") | ... AG18: =IFERROR(INDEX(AG$1:AG$9,MATCH($A18,AG$64:AG$72,0)),"") -> 渡邊
A19: 8 | B19: =IFERROR(INDEX(B$1:B$9,MATCH($A19,B$64:B$72,0)),"") -> 星野 | C19: =IFERROR(INDEX(C$1:C$9,MATCH($A19,C$64:C$72,0)),"") -> 星野 | D19: =IFERROR(INDEX(D$1:D$9,MATCH($A19,D$64:D$72,0)),"") -> 星野 | E19: =IFERROR(INDEX(E$1:E$9,MATCH($A19,E$64:E$72,0)),"") -> 星野 | F19: =IFERROR(INDEX(F$1:F$9,MATCH($A19,F$64:F$72,0)),"") -> 星野 | G19: =IFERROR(INDEX(G$1:G$9,MATCH($A19,G$64:G$72,0)),"") -> 星野 | H19: =IFERROR(INDEX(H$1:H$9,MATCH($A19,H$64:H$72,0)),"") -> 星野 | I19: =IFERROR(INDEX(I$1:I$9,MATCH($A19,I$64:I$72,0)),"") -> 星野 | ... AG19: =IFERROR(INDEX(AG$1:AG$9,MATCH($A19,AG$64:AG$72,0)),"") -> 高橋
A20: 9 | B20: =IFERROR(INDEX(B$1:B$9,MATCH($A20,B$64:B$72,0)),"") -> 吉田 | C20: =IFERROR(INDEX(C$1:C$9,MATCH($A20,C$64:C$72,0)),"") -> 渡邊 | D20: =IFERROR(INDEX(D$1:D$9,MATCH($A20,D$64:D$72,0)),"") | E20: =IFERROR(INDEX(E$1:E$9,MATCH($A20,E$64:E$72,0)),"") | F20: =IFERROR(INDEX(F$1:F$9,MATCH($A20,F$64:F$72,0)),"") | G20: =IFERROR(INDEX(G$1:G$9,MATCH($A20,G$64:G$72,0)),"") | H20: =IFERROR(INDEX(H$1:H$9,MATCH($A20,H$64:H$72,0)),"") | I20: =IFERROR(INDEX(I$1:I$9,MATCH($A20,I$64:I$72,0)),"") | ... AG20: =IFERROR(INDEX(AG$1:AG$9,MATCH($A20,AG$64:AG$72,0)),"")
B21: 翌日退所確認表 =IF(INDEX(AI$23:AI$31,MATCH(B12,B$1:B$9,0))=退所日,退所日,-1) | AI21: 翌日の宿泊状況表 =IFERROR(INDEX(【入力・帳票】ベッド表!D$96:D$124,MATCH(B1,【入力・帳票】ベッド表!$B$96:$B$124,0)),0)
C22: 1 | D22: 2 | E22: 3 | F22: 4 | G22: 5 | H22: 6 | I22: 7 | J22: 8 | K22: 9 | L22: 10 | M22: 11 | N22: 12 | O22: 13 | P22: 14 | Q22: 15 | R22: 16 | S22: 17 | T22: 18 | U22: 19 | V22: 20 | W22: 21 | X22: 22 | Y22: 23 | Z22: 24 | AA22: 25 | AB22: 26 | AC22: 27 | AD22: 28 | AE22: 29 | AF22: 30 | AG22: 31 | AJ22: 1 | AK22: 2 | AL22: 3 | AM22: 4 | AN22: 5 | AO22: 6 | AP22: 7 | AQ22: 8 | AR22: 9 | AS22: 10 | AT22: 11 | AU22: 12 | AV22: 13 | AW22: 14 | AX22: 15 | AY22: 16 | AZ22: 17 | BA22: 18 | BB22: 19 | BC22: 20 | BD22: 21 | BE22: 22 | BF22: 23 | BG22: 24 | BH22: 25 | BI22: 26 | BJ22: 27 | BK22: 28 | BL22: 29 | BM22: 30 | BN22: 31
B23: =翌日退所確認 -> 13 | C23: =翌日退所確認 -> 13 | D23: =翌日退所確認 -> -1 | E23: =翌日退所確認 -> 13 | F23: =翌日退所確認 -> -1 | G23: =翌日退所確認 -> -1 | H23: =翌日退所確認 -> -1 | I23: =翌日退所確認 -> 13 | ... AF23: =翌日退所確認 -> -1 | AI23: =翌日の宿泊状況獲得 -> 13 | AJ23: =翌日の宿泊状況獲得 -> 12 | AK23: =翌日の宿泊状況獲得 -> 12 | AL23: =翌日の宿泊状況獲得 -> 13 | AM23: =翌日の宿泊状況獲得 -> 13 | AN23: =翌日の宿泊状況獲得 -> 12 | AO23: =翌日の宿泊状況獲得 -> 12 | AP23: =翌日の宿泊状況獲得 -> 13 | ... BM23: =翌日の宿泊状況獲得 -> 12
B24: =翌日退所確認 -> -1 | C24: =翌日退所確認 -> -1 | D24: =翌日退所確認 -> -1 | E24: =翌日退所確認 -> -1 | F24: =翌日退所確認 -> -1 | G24: =翌日退所確認 -> -1 | H24: =翌日退所確認 -> -1 | I24: =翌日退所確認 -> -1 | ... AF24: =翌日退所確認 -> -1 | AI24: =翌日の宿泊状況獲得 -> 12 | AJ24: =翌日の宿泊状況獲得 -> 13 | AK24: =翌日の宿泊状況獲得 -> 12 | AL24: =翌日の宿泊状況獲得 -> 12 | AM24: =翌日の宿泊状況獲得 -> 12 | AN24: =翌日の宿泊状況獲得 -> 13 | AO24: =翌日の宿泊状況獲得 -> 12 | AP24: =翌日の宿泊状況獲得 -> 12 | ... BM24: =翌日の宿泊状況獲得 -> 12
B25: =翌日退所確認 -> 13 | C25: =翌日退所確認 -> -1 | D25: =翌日退所確認 -> -1 | E25: =翌日退所確認 -> -1 | F25: =翌日退所確認 -> 13 | G25: =翌日退所確認 -> 13 | H25: =翌日退所確認 -> -1 | I25: =翌日退所確認 -> 13 | ... AF25: =翌日退所確認 -> -1 | AI25: =翌日の宿泊状況獲得 -> 13 | AJ25: =翌日の宿泊状況獲得 -> 12 | AK25: =翌日の宿泊状況獲得 -> 12 | AL25: =翌日の宿泊状況獲得 -> 12 | AM25: =翌日の宿泊状況獲得 -> 13 | AN25: =翌日の宿泊状況獲得 -> 12 | AO25: =翌日の宿泊状況獲得 -> 13 | AP25: =翌日の宿泊状況獲得 -> 12 | ... BM25: =翌日の宿泊状況獲得 -> 12
B26: =翌日退所確認 -> 13 | C26: =翌日退所確認 -> -1 | D26: =翌日退所確認 -> -1 | E26: =翌日退所確認 -> -1 | F26: =翌日退所確認 -> 13 | G26: =翌日退所確認 -> -1 | H26: =翌日退所確認 -> -1 | I26: =翌日退所確認 -> 13 | ... AF26: =翌日退所確認 -> -1 | AI26: =翌日の宿泊状況獲得 -> 13 | AJ26: =翌日の宿泊状況獲得 -> 12 | AK26: =翌日の宿泊状況獲得 -> 12 | AL26: =翌日の宿泊状況獲得 -> 13 | AM26: =翌日の宿泊状況獲得 -> 12 | AN26: =翌日の宿泊状況獲得 -> 12 | AO26: =翌日の宿泊状況獲得 -> 12 | AP26: =翌日の宿泊状況獲得 -> 13 | ... BM26: =翌日の宿泊状況獲得 -> 12
B27: =翌日退所確認 -> -1 | C27: =翌日退所確認 -> -1 | D27: =翌日退所確認 -> -1 | E27: =翌日退所確認 -> -1 | F27: =翌日退所確認 -> -1 | G27: =翌日退所確認 -> -1 | H27: =翌日退所確認 -> -1 | I27: =翌日退所確認 -> -1 | ... AF27: =翌日退所確認 -> -1 | AI27: =翌日の宿泊状況獲得 -> 12 | AJ27: =翌日の宿泊状況獲得 -> 12 | AK27: =翌日の宿泊状況獲得 -> 12 | AL27: =翌日の宿泊状況獲得 -> 12 | AM27: =翌日の宿泊状況獲得 -> 13 | AN27: =翌日の宿泊状況獲得 -> 12 | AO27: =翌日の宿泊状況獲得 -> 12 | AP27: =翌日の宿泊状況獲得 -> 12 | ... BM27: =翌日の宿泊状況獲得 -> 12
B28: =翌日退所確認 -> 13 | C28: =翌日退所確認 -> 13 | D28: =翌日退所確認 -> -1 | E28: =翌日退所確認 -> -1 | F28: =翌日退所確認 -> 13 | G28: =翌日退所確認 -> -1 | H28: =翌日退所確認 -> #N/A | I28: =翌日退所確認 -> #N/A | ... AF28: =翌日退所確認 -> 13 | AI28: =翌日の宿泊状況獲得 -> 13 | AJ28: =翌日の宿泊状況獲得 -> 12 | AK28: =翌日の宿泊状況獲得 -> 12 | AL28: =翌日の宿泊状況獲得 -> 12 | AM28: =翌日の宿泊状況獲得 -> 12 | AN28: =翌日の宿泊状況獲得 -> 12 | AO28: =翌日の宿泊状況獲得 -> 12 | AP28: =翌日の宿泊状況獲得 -> 13 | ... BM28: =翌日の宿泊状況獲得 -> 13
B29: =翌日退所確認 -> 13 | C29: =翌日退所確認 -> -1 | D29: =翌日退所確認 -> -1 | E29: =翌日退所確認 -> 13 | F29: =翌日退所確認 -> -1 | G29: =翌日退所確認 -> 13 | H29: =翌日退所確認 -> 13 | I29: =翌日退所確認 -> #N/A | ... AF29: =翌日退所確認 -> -1 | AI29: =翌日の宿泊状況獲得 -> 13 | AJ29: =翌日の宿泊状況獲得 -> 13 | AK29: =翌日の宿泊状況獲得 -> 13 | AL29: =翌日の宿泊状況獲得 -> 12 | AM29: =翌日の宿泊状況獲得 -> 12 | AN29: =翌日の宿泊状況獲得 -> 13 | AO29: =翌日の宿泊状況獲得 -> 12 | AP29: =翌日の宿泊状況獲得 -> 13 | ... BM29: =翌日の宿泊状況獲得 -> 12
B30: =翌日退所確認 -> -1 | C30: =翌日退所確認 -> -1 | D30: =翌日退所確認 -> -1 | E30: =翌日退所確認 -> -1 | F30: =翌日退所確認 -> -1 | G30: =翌日退所確認 -> -1 | H30: =翌日退所確認 -> -1 | I30: =翌日退所確認 -> -1 | ... AF30: =翌日退所確認 -> -1 | AI30: =翌日の宿泊状況獲得 -> 12 | AJ30: =翌日の宿泊状況獲得 -> 12 | AK30: =翌日の宿泊状況獲得 -> 12 | AL30: =翌日の宿泊状況獲得 -> 12 | AM30: =翌日の宿泊状況獲得 -> 12 | AN30: =翌日の宿泊状況獲得 -> 12 | AO30: =翌日の宿泊状況獲得 -> 12 | AP30: =翌日の宿泊状況獲得 -> 13 | ... BM30: =翌日の宿泊状況獲得 -> 0
B31: =翌日退所確認 -> 13 | C31: =翌日退所確認 -> -1 | D31: =翌日退所確認 -> #N/A | E31: =翌日退所確認 -> #N/A | F31: =翌日退所確認 -> #N/A | G31: =翌日退所確認 -> #N/A | H31: =翌日退所確認 -> #N/A | I31: =翌日退所確認 -> #N/A | ... AF31: =翌日退所確認 -> -1 | AI31: =翌日の宿泊状況獲得 -> 13 | AJ31: =翌日の宿泊状況獲得 -> 12 | AK31: =翌日の宿泊状況獲得 -> 12 | AL31: =翌日の宿泊状況獲得 -> 13 | AM31: =翌日の宿泊状況獲得 -> 12 | AN31: =翌日の宿泊状況獲得 -> 13 | AO31: =翌日の宿泊状況獲得 -> 12 | AP31: =翌日の宿泊状況獲得 -> 12 | ... BM31: =翌日の宿泊状況獲得 -> 0
C32: 当日入所インデックス表 =IF(AJ33=入所日,COUNTIF(AJ$33:AJ33,入所日)+100,-1) | AI32: 当日の宿泊状況表 =IFERROR(INDEX(【入力・帳票】ベッド表!D$96:D$124,MATCH(C1,【入力・帳票】ベッド表!$B$96:$B$124,0)),0)
C33: =当日入所インデックス作成 -> -1 | D33: =当日入所インデックス作成 -> 101 | E33: =当日入所インデックス作成 -> -1 | F33: =当日入所インデックス作成 -> -1 | G33: =当日入所インデックス作成 -> -1 | H33: =当日入所インデックス作成 -> 101 | I33: =当日入所インデックス作成 -> -1 | J33: =当日入所インデックス作成 -> -1 | ... AG33: =当日入所インデックス作成 -> -1 | AJ33: =当日の宿泊状況獲得 -> 12 | AK33: =当日の宿泊状況獲得 -> 11 | AL33: =当日の宿泊状況獲得 -> 12 | AM33: =当日の宿泊状況獲得 -> 12 | AN33: =当日の宿泊状況獲得 -> 12 | AO33: =当日の宿泊状況獲得 -> 11 | AP33: =当日の宿泊状況獲得 -> 12 | AQ33: =当日の宿泊状況獲得 -> 12 | ... BN33: =当日の宿泊状況獲得 -> 12
C34: =当日入所インデックス作成 -> 101 | D34: =当日入所インデックス作成 -> 102 | E34: =当日入所インデックス作成 -> -1 | F34: =当日入所インデックス作成 -> -1 | G34: =当日入所インデックス作成 -> 101 | H34: =当日入所インデックス作成 -> -1 | I34: =当日入所インデックス作成 -> -1 | J34: =当日入所インデックス作成 -> -1 | ... AG34: =当日入所インデックス作成 -> -1 | AJ34: =当日の宿泊状況獲得 -> 11 | AK34: =当日の宿泊状況獲得 -> 11 | AL34: =当日の宿泊状況獲得 -> 12 | AM34: =当日の宿泊状況獲得 -> 12 | AN34: =当日の宿泊状況獲得 -> 11 | AO34: =当日の宿泊状況獲得 -> 12 | AP34: =当日の宿泊状況獲得 -> 12 | AQ34: =当日の宿泊状況獲得 -> 12 | ... BN34: =当日の宿泊状況獲得 -> 12
C35: =当日入所インデックス作成 -> 102 | D35: =当日入所インデックス作成 -> -1 | E35: =当日入所インデックス作成 -> -1 | F35: =当日入所インデックス作成 -> -1 | G35: =当日入所インデックス作成 -> -1 | H35: =当日入所インデックス作成 -> 102 | I35: =当日入所インデックス作成 -> 101 | J35: =当日入所インデックス作成 -> 101 | ... AG35: =当日入所インデックス作成 -> 101 | AJ35: =当日の宿泊状況獲得 -> 11 | AK35: =当日の宿泊状況獲得 -> 12 | AL35: =当日の宿泊状況獲得 -> 12 | AM35: =当日の宿泊状況獲得 -> 12 | AN35: =当日の宿泊状況獲得 -> 12 | AO35: =当日の宿泊状況獲得 -> 11 | AP35: =当日の宿泊状況獲得 -> 11 | AQ35: =当日の宿泊状況獲得 -> 11 | ... BN35: =当日の宿泊状況獲得 -> 11
C36: =当日入所インデックス作成 -> -1 | D36: =当日入所インデックス作成 -> -1 | E36: =当日入所インデックス作成 -> 101 | F36: =当日入所インデックス作成 -> -1 | G36: =当日入所インデックス作成 -> -1 | H36: =当日入所インデックス作成 -> 103 | I36: =当日入所インデックス作成 -> -1 | J36: =当日入所インデックス作成 -> -1 | ... AG36: =当日入所インデックス作成 -> -1 | AJ36: =当日の宿泊状況獲得 -> 12 | AK36: =当日の宿泊状況獲得 -> 12 | AL36: =当日の宿泊状況獲得 -> 11 | AM36: =当日の宿泊状況獲得 -> 12 | AN36: =当日の宿泊状況獲得 -> 12 | AO36: =当日の宿泊状況獲得 -> 11 | AP36: =当日の宿泊状況獲得 -> 12 | AQ36: =当日の宿泊状況獲得 -> 12 | ... BN36: =当日の宿泊状況獲得 -> 12
C37: =当日入所インデックス作成 -> 103 | D37: =当日入所インデックス作成 -> -1 | E37: =当日入所インデックス作成 -> -1 | F37: =当日入所インデックス作成 -> -1 | G37: =当日入所インデックス作成 -> 102 | H37: =当日入所インデックス作成 -> -1 | I37: =当日入所インデックス作成 -> -1 | J37: =当日入所インデックス作成 -> 102 | ... AG37: =当日入所インデックス作成 -> -1 | AJ37: =当日の宿泊状況獲得 -> 11 | AK37: =当日の宿泊状況獲得 -> 12 | AL37: =当日の宿泊状況獲得 -> 12 | AM37: =当日の宿泊状況獲得 -> 12 | AN37: =当日の宿泊状況獲得 -> 11 | AO37: =当日の宿泊状況獲得 -> 12 | AP37: =当日の宿泊状況獲得 -> 12 | AQ37: =当日の宿泊状況獲得 -> 11 | ... BN37: =当日の宿泊状況獲得 -> 12
C38: =当日入所インデックス作成 -> -1 | D38: =当日入所インデックス作成 -> -1 | E38: =当日入所インデックス作成 -> -1 | F38: =当日入所インデックス作成 -> 101 | G38: =当日入所インデックス作成 -> -1 | H38: =当日入所インデックス作成 -> 104 | I38: =当日入所インデックス作成 -> -1 | J38: =当日入所インデックス作成 -> -1 | ... AG38: =当日入所インデックス作成 -> -1 | AJ38: =当日の宿泊状況獲得 -> 12 | AK38: =当日の宿泊状況獲得 -> 12 | AL38: =当日の宿泊状況獲得 -> 12 | AM38: =当日の宿泊状況獲得 -> 11 | AN38: =当日の宿泊状況獲得 -> 12 | AO38: =当日の宿泊状況獲得 -> 11 | AP38: =当日の宿泊状況獲得 -> 12 | AQ38: =当日の宿泊状況獲得 -> 12 | ... BN38: =当日の宿泊状況獲得 -> 12
C39: =当日入所インデックス作成 -> 104 | D39: =当日入所インデックス作成 -> 103 | E39: =当日入所インデックス作成 -> -1 | F39: =当日入所インデックス作成 -> -1 | G39: =当日入所インデックス作成 -> -1 | H39: =当日入所インデックス作成 -> -1 | I39: =当日入所インデックス作成 -> -1 | J39: =当日入所インデックス作成 -> 103 | ... AG39: =当日入所インデックス作成 -> 102 | AJ39: =当日の宿泊状況獲得 -> 11 | AK39: =当日の宿泊状況獲得 -> 11 | AL39: =当日の宿泊状況獲得 -> 12 | AM39: =当日の宿泊状況獲得 -> 12 | AN39: =当日の宿泊状況獲得 -> 12 | AO39: =当日の宿泊状況獲得 -> 12 | AP39: =当日の宿泊状況獲得 -> 12 | AQ39: =当日の宿泊状況獲得 -> 11 | ... BN39: =当日の宿泊状況獲得 -> 11
C40: =当日入所インデックス作成 -> 105 | D40: =当日入所インデックス作成 -> -1 | E40: =当日入所インデックス作成 -> -1 | F40: =当日入所インデックス作成 -> 102 | G40: =当日入所インデックス作成 -> 103 | H40: =当日入所インデックス作成 -> -1 | I40: =当日入所インデックス作成 -> -1 | J40: =当日入所インデックス作成 -> 104 | ... AG40: =当日入所インデックス作成 -> -1 | AJ40: =当日の宿泊状況獲得 -> 11 | AK40: =当日の宿泊状況獲得 -> 12 | AL40: =当日の宿泊状況獲得 -> 12 | AM40: =当日の宿泊状況獲得 -> 11 | AN40: =当日の宿泊状況獲得 -> 11 | AO40: =当日の宿泊状況獲得 -> 12 | AP40: =当日の宿泊状況獲得 -> 12 | AQ40: =当日の宿泊状況獲得 -> 11 | ... BN40: =当日の宿泊状況獲得 -> 12
C41: =当日入所インデックス作成 -> 106 | D41: =当日入所インデックス作成 -> -1 | E41: =当日入所インデックス作成 -> -1 | F41: =当日入所インデックス作成 -> -1 | G41: =当日入所インデックス作成 -> -1 | H41: =当日入所インデックス作成 -> -1 | I41: =当日入所インデックス作成 -> -1 | J41: =当日入所インデックス作成 -> -1 | ... AG41: =当日入所インデックス作成 -> -1 | AJ41: =当日の宿泊状況獲得 -> 11 | AK41: =当日の宿泊状況獲得 -> 12 | AL41: =当日の宿泊状況獲得 -> 12 | AM41: =当日の宿泊状況獲得 -> 12 | AN41: =当日の宿泊状況獲得 -> 12 | AO41: =当日の宿泊状況獲得 -> 12 | AP41: =当日の宿泊状況獲得 -> 12 | AQ41: =当日の宿泊状況獲得 -> 12 | ... BN41: =当日の宿泊状況獲得 -> 0
B42: 入所日の行割り当て =IF(C33>0,MATCH(C33,B$53:B$61,0),C33)
C43: =入所日の行割り当て -> -1 | D43: =入所日の行割り当て -> 1 | E43: =入所日の行割り当て -> -1 | F43: =入所日の行割り当て -> -1 | G43: =入所日の行割り当て -> -1 | H43: =入所日の行割り当て -> 3 | I43: =入所日の行割り当て -> -1 | J43: =入所日の行割り当て -> -1 | ... AG43: =入所日の行割り当て -> -1
C44: =入所日の行割り当て -> 1 | D44: =入所日の行割り当て -> 6 | E44: =入所日の行割り当て -> -1 | F44: =入所日の行割り当て -> -1 | G44: =入所日の行割り当て -> 3 | H44: =入所日の行割り当て -> -1 | I44: =入所日の行割り当て -> -1 | J44: =入所日の行割り当て -> -1 | ... AG44: =入所日の行割り当て -> -1
C45: =入所日の行割り当て -> 3 | D45: =入所日の行割り当て -> -1 | E45: =入所日の行割り当て -> -1 | F45: =入所日の行割り当て -> -1 | G45: =入所日の行割り当て -> -1 | H45: =入所日の行割り当て -> 7 | I45: =入所日の行割り当て -> #N/A | J45: =入所日の行割り当て -> 1 | ... AG45: =入所日の行割り当て -> 6
C46: =入所日の行割り当て -> -1 | D46: =入所日の行割り当て -> -1 | E46: =入所日の行割り当て -> #N/A | F46: =入所日の行割り当て -> -1 | G46: =入所日の行割り当て -> -1 | H46: =入所日の行割り当て -> #N/A | I46: =入所日の行割り当て -> -1 | J46: =入所日の行割り当て -> -1 | ... AG46: =入所日の行割り当て -> -1
C47: =入所日の行割り当て -> 4 | D47: =入所日の行割り当て -> -1 | E47: =入所日の行割り当て -> -1 | F47: =入所日の行割り当て -> -1 | G47: =入所日の行割り当て -> 4 | H47: =入所日の行割り当て -> -1 | I47: =入所日の行割り当て -> -1 | J47: =入所日の行割り当て -> 3 | ... AG47: =入所日の行割り当て -> -1
C48: =入所日の行割り当て -> -1 | D48: =入所日の行割り当て -> -1 | E48: =入所日の行割り当て -> -1 | F48: =入所日の行割り当て -> 1 | G48: =入所日の行割り当て -> -1 | H48: =入所日の行割り当て -> #N/A | I48: =入所日の行割り当て -> -1 | J48: =入所日の行割り当て -> -1 | ... AG48: =入所日の行割り当て -> -1
C49: =入所日の行割り当て -> 6 | D49: =入所日の行割り当て -> #N/A | E49: =入所日の行割り当て -> -1 | F49: =入所日の行割り当て -> -1 | G49: =入所日の行割り当て -> -1 | H49: =入所日の行割り当て -> -1 | I49: =入所日の行割り当て -> -1 | J49: =入所日の行割り当て -> 4 | ... AG49: =入所日の行割り当て -> 8
C50: =入所日の行割り当て -> 7 | D50: =入所日の行割り当て -> -1 | E50: =入所日の行割り当て -> -1 | F50: =入所日の行割り当て -> 7 | G50: =入所日の行割り当て -> 6 | H50: =入所日の行割り当て -> -1 | I50: =入所日の行割り当て -> -1 | J50: =入所日の行割り当て -> #N/A | ... AG50: =入所日の行割り当て -> -1
C51: =入所日の行割り当て -> 9 | D51: =入所日の行割り当て -> -1 | E51: =入所日の行割り当て -> -1 | F51: =入所日の行割り当て -> -1 | G51: =入所日の行割り当て -> -1 | H51: =入所日の行割り当て -> -1 | I51: =入所日の行割り当て -> -1 | J51: =入所日の行割り当て -> -1 | ... AG51: =入所日の行割り当て -> -1
B52: 前日空欄採番テーブル =IF(OR(B23=退所日,B12=""),(COUNTIF(B$23:B23,退所日)+COUNTIF(B$12:B12,""))+100,0)
B53: =前日空欄採番 -> 101 | C53: =前日空欄採番 -> 101 | D53: =前日空欄採番 -> 0 | E53: =前日空欄採番 -> 101 | F53: =前日空欄採番 -> 0 | G53: =前日空欄採番 -> 0 | H53: =前日空欄採番 -> 0 | I53: =前日空欄採番 -> 101 | ... AF53: =前日空欄採番 -> 0
B54: =前日空欄採番 -> 0 | C54: =前日空欄採番 -> 0 | D54: =前日空欄採番 -> 0 | E54: =前日空欄採番 -> 0 | F54: =前日空欄採番 -> 0 | G54: =前日空欄採番 -> 0 | H54: =前日空欄採番 -> 0 | I54: =前日空欄採番 -> 0 | ... AF54: =前日空欄採番 -> 0
B55: =前日空欄採番 -> 102 | C55: =前日空欄採番 -> 0 | D55: =前日空欄採番 -> 0 | E55: =前日空欄採番 -> 0 | F55: =前日空欄採番 -> 101 | G55: =前日空欄採番 -> 101 | H55: =前日空欄採番 -> 0 | I55: =前日空欄採番 -> 102 | ... AF55: =前日空欄採番 -> 0
B56: =前日空欄採番 -> 103 | C56: =前日空欄採番 -> 0 | D56: =前日空欄採番 -> 0 | E56: =前日空欄採番 -> 0 | F56: =前日空欄採番 -> 102 | G56: =前日空欄採番 -> 0 | H56: =前日空欄採番 -> 0 | I56: =前日空欄採番 -> 103 | ... AF56: =前日空欄採番 -> 0
B57: =前日空欄採番 -> 0 | C57: =前日空欄採番 -> 0 | D57: =前日空欄採番 -> 0 | E57: =前日空欄採番 -> 0 | F57: =前日空欄採番 -> 0 | G57: =前日空欄採番 -> 0 | H57: =前日空欄採番 -> 0 | I57: =前日空欄採番 -> 0 | ... AF57: =前日空欄採番 -> 0
B58: =前日空欄採番 -> 104 | C58: =前日空欄採番 -> 102 | D58: =前日空欄採番 -> 0 | E58: =前日空欄採番 -> 0 | F58: =前日空欄採番 -> 103 | G58: =前日空欄採番 -> 0 | H58: =前日空欄採番 -> #N/A | I58: =前日空欄採番 -> #N/A | ... AF58: =前日空欄採番 -> 101
B59: =前日空欄採番 -> 105 | C59: =前日空欄採番 -> 0 | D59: =前日空欄採番 -> 0 | E59: =前日空欄採番 -> 102 | F59: =前日空欄採番 -> 0 | G59: =前日空欄採番 -> 102 | H59: =前日空欄採番 -> 102 | I59: =前日空欄採番 -> #N/A | ... AF59: =前日空欄採番 -> 0
B60: =前日空欄採番 -> 0 | C60: =前日空欄採番 -> 0 | D60: =前日空欄採番 -> 0 | E60: =前日空欄採番 -> 0 | F60: =前日空欄採番 -> 0 | G60: =前日空欄採番 -> 0 | H60: =前日空欄採番 -> 0 | I60: =前日空欄採番 -> 0 | ... AF60: =前日空欄採番 -> 102
B61: =前日空欄採番 -> 106 | C61: =前日空欄採番 -> 0 | D61: =前日空欄採番 -> #N/A | E61: =前日空欄採番 -> #N/A | F61: =前日空欄採番 -> #N/A | G61: =前日空欄採番 -> #N/A | H61: =前日空欄採番 -> #N/A | I61: =前日空欄採番 -> #N/A | ... AF61: =前日空欄採番 -> 103
B63: 全表示行確定テーブル
B64: =IF(B1<>"",A1,0) -> 1 | C64: =IF(C1="",0,IFERROR(INDEX(B$64:B$72,MATCH(C1,B$1:B$9,0)),C43)) -> 2 | D64: =IF(D1="",0,IFERROR(INDEX(C$64:C$72,MATCH(D1,C$1:C$9,0)),D43)) -> 1 | E64: =IF(E1="",0,IFERROR(INDEX(D$64:D$72,MATCH(E1,D$1:D$9,0)),E43)) -> 1 | F64: =IF(F1="",0,IFERROR(INDEX(E$64:E$72,MATCH(F1,E$1:E$9,0)),F43)) -> 6 | G64: =IF(G1="",0,IFERROR(INDEX(F$64:F$72,MATCH(G1,F$1:F$9,0)),G43)) -> 2 | H64: =IF(H1="",0,IFERROR(INDEX(G$64:G$72,MATCH(H1,G$1:G$9,0)),H43)) -> 3 | I64: =IF(I1="",0,IFERROR(INDEX(H$64:H$72,MATCH(I1,H$1:H$9,0)),I43)) -> 3 | J64: =IF(J1="",0,IFERROR(INDEX(I$64:I$72,MATCH(J1,I$1:I$9,0)),J43)) -> 2 | ... AG64: =IF(AG1="",0,IFERROR(INDEX(AF$64:AF$72,MATCH(AG1,AF$1:AF$9,0)),AG43)) -> 5
B65: =IF(B2<>"",A2,0) -> 2 | C65: =IF(C2="",0,IFERROR(INDEX(B$64:B$72,MATCH(C2,B$1:B$9,0)),C44)) -> 1 | D65: =IF(D2="",0,IFERROR(INDEX(C$64:C$72,MATCH(D2,C$1:C$9,0)),D44)) -> 6 | E65: =IF(E2="",0,IFERROR(INDEX(D$64:D$72,MATCH(E2,D$1:D$9,0)),E44)) -> 6 | F65: =IF(F2="",0,IFERROR(INDEX(E$64:E$72,MATCH(F2,E$1:E$9,0)),F44)) -> 2 | G65: =IF(G2="",0,IFERROR(INDEX(F$64:F$72,MATCH(G2,F$1:F$9,0)),G44)) -> 3 | H65: =IF(H2="",0,IFERROR(INDEX(G$64:G$72,MATCH(H2,G$1:G$9,0)),H44)) -> 2 | I65: =IF(I2="",0,IFERROR(INDEX(H$64:H$72,MATCH(I2,H$1:H$9,0)),I44)) -> 2 | J65: =IF(J2="",0,IFERROR(INDEX(I$64:I$72,MATCH(J2,I$1:I$9,0)),J44)) -> -1 | ... AG65: =IF(AG2="",0,IFERROR(INDEX(AF$64:AF$72,MATCH(AG2,AF$1:AF$9,0)),AG44)) -> 4
B66: =IF(B3<>"",A3,0) -> 3 | C66: =IF(C3="",0,IFERROR(INDEX(B$64:B$72,MATCH(C3,B$1:B$9,0)),C45)) -> 3 | D66: =IF(D3="",0,IFERROR(INDEX(C$64:C$72,MATCH(D3,C$1:C$9,0)),D45)) -> 2 | E66: =IF(E3="",0,IFERROR(INDEX(D$64:D$72,MATCH(E3,D$1:D$9,0)),E45)) -> 2 | F66: =IF(F3="",0,IFERROR(INDEX(E$64:E$72,MATCH(F3,E$1:E$9,0)),F45)) -> 3 | G66: =IF(G3="",0,IFERROR(INDEX(F$64:F$72,MATCH(G3,F$1:F$9,0)),G45)) -> 5 | H66: =IF(H3="",0,IFERROR(INDEX(G$64:G$72,MATCH(H3,G$1:G$9,0)),H45)) -> 7 | I66: =IF(I3="",0,IFERROR(INDEX(H$64:H$72,MATCH(I3,H$1:H$9,0)),I45)) -> #N/A | J66: =IF(J3="",0,IFERROR(INDEX(I$64:I$72,MATCH(J3,I$1:I$9,0)),J45)) -> 1 | ... AG66: =IF(AG3="",0,IFERROR(INDEX(AF$64:AF$72,MATCH(AG3,AF$1:AF$9,0)),AG45)) -> 6
B67: =IF(B4<>"",A4,0) -> 4 | C67: =IF(C4="",0,IFERROR(INDEX(B$64:B$72,MATCH(C4,B$1:B$9,0)),C46)) -> 5 | D67: =IF(D4="",0,IFERROR(INDEX(C$64:C$72,MATCH(D4,C$1:C$9,0)),D46)) -> 3 | E67: =IF(E4="",0,IFERROR(INDEX(D$64:D$72,MATCH(E4,D$1:D$9,0)),E46)) -> #N/A | F67: =IF(F4="",0,IFERROR(INDEX(E$64:E$72,MATCH(F4,E$1:E$9,0)),F46)) -> 5 | G67: =IF(G4="",0,IFERROR(INDEX(F$64:F$72,MATCH(G4,F$1:F$9,0)),G46)) -> 1 | H67: =IF(H4="",0,IFERROR(INDEX(G$64:G$72,MATCH(H4,G$1:G$9,0)),H46)) -> #N/A | I67: =IF(I4="",0,IFERROR(INDEX(H$64:H$72,MATCH(I4,H$1:H$9,0)),I46)) -> -1 | J67: =IF(J4="",0,IFERROR(INDEX(I$64:I$72,MATCH(J4,I$1:I$9,0)),J46)) -> 5 | ... AG67: =IF(AG4="",0,IFERROR(INDEX(AF$64:AF$72,MATCH(AG4,AF$1:AF$9,0)),AG46)) -> 1
B68: =IF(B5<>"",A5,0) -> 5 | C68: =IF(C5="",0,IFERROR(INDEX(B$64:B$72,MATCH(C5,B$1:B$9,0)),C47)) -> 4 | D68: =IF(D5="",0,IFERROR(INDEX(C$64:C$72,MATCH(D5,C$1:C$9,0)),D47)) -> 5 | E68: =IF(E5="",0,IFERROR(INDEX(D$64:D$72,MATCH(E5,D$1:D$9,0)),E47)) -> 3 | F68: =IF(F5="",0,IFERROR(INDEX(E$64:E$72,MATCH(F5,E$1:E$9,0)),F47)) -> 4 | G68: =IF(G5="",0,IFERROR(INDEX(F$64:F$72,MATCH(G5,F$1:F$9,0)),G47)) -> 4 | H68: =IF(H5="",0,IFERROR(INDEX(G$64:G$72,MATCH(H5,G$1:G$9,0)),H47)) -> 5 | I68: =IF(I5="",0,IFERROR(INDEX(H$64:H$72,MATCH(I5,H$1:H$9,0)),I47)) -> 5 | J68: =IF(J5="",0,IFERROR(INDEX(I$64:I$72,MATCH(J5,I$1:I$9,0)),J47)) -> 3 | ... AG68: =IF(AG5="",0,IFERROR(INDEX(AF$64:AF$72,MATCH(AG5,AF$1:AF$9,0)),AG47)) -> 2
B69: =IF(B6<>"",A6,0) -> 6 | C69: =IF(C6="",0,IFERROR(INDEX(B$64:B$72,MATCH(C6,B$1:B$9,0)),C48)) -> 8 | D69: =IF(D6="",0,IFERROR(INDEX(C$64:C$72,MATCH(D6,C$1:C$9,0)),D48)) -> 4 | E69: =IF(E6="",0,IFERROR(INDEX(D$64:D$72,MATCH(E6,D$1:D$9,0)),E48)) -> 5 | F69: =IF(F6="",0,IFERROR(INDEX(E$64:E$72,MATCH(F6,E$1:E$9,0)),F48)) -> 1 | G69: =IF(G6="",0,IFERROR(INDEX(F$64:F$72,MATCH(G6,F$1:F$9,0)),G48)) -> 8 | H69: =IF(H6="",0,IFERROR(INDEX(G$64:G$72,MATCH(H6,G$1:G$9,0)),H48)) -> #N/A | I69: =IF(I6="",0,IFERROR(INDEX(H$64:H$72,MATCH(I6,H$1:H$9,0)),I48)) -> -1 | J69: =IF(J6="",0,IFERROR(INDEX(I$64:I$72,MATCH(J6,I$1:I$9,0)),J48)) -> 8 | ... AG69: =IF(AG6="",0,IFERROR(INDEX(AF$64:AF$72,MATCH(AG6,AF$1:AF$9,0)),AG48)) -> 3
B70: =IF(B7<>"",A7,0) -> 7 | C70: =IF(C7="",0,IFERROR(INDEX(B$64:B$72,MATCH(C7,B$1:B$9,0)),C49)) -> 6 | D70: =IF(D7="",0,IFERROR(INDEX(C$64:C$72,MATCH(D7,C$1:C$9,0)),D49)) -> #N/A | E70: =IF(E7="",0,IFERROR(INDEX(D$64:D$72,MATCH(E7,D$1:D$9,0)),E49)) -> 4 | F70: =IF(F7="",0,IFERROR(INDEX(E$64:E$72,MATCH(F7,E$1:E$9,0)),F49)) -> 8 | G70: =IF(G7="",0,IFERROR(INDEX(F$64:F$72,MATCH(G7,F$1:F$9,0)),G49)) -> 7 | H70: =IF(H7="",0,IFERROR(INDEX(G$64:G$72,MATCH(H7,G$1:G$9,0)),H49)) -> 1 | I70: =IF(I7="",0,IFERROR(INDEX(H$64:H$72,MATCH(I7,H$1:H$9,0)),I49)) -> 1 | J70: =IF(J7="",0,IFERROR(INDEX(I$64:I$72,MATCH(J7,I$1:I$9,0)),J49)) -> 4 | ... AG70: =IF(AG7="",0,IFERROR(INDEX(AF$64:AF$72,MATCH(AG7,AF$1:AF$9,0)),AG49)) -> 8
B71: =IF(B8<>"",A8,0) -> 8 | C71: =IF(C8="",0,IFERROR(INDEX(B$64:B$72,MATCH(C8,B$1:B$9,0)),C50)) -> 7 | D71: =IF(D8="",0,IFERROR(INDEX(C$64:C$72,MATCH(D8,C$1:C$9,0)),D50)) -> 8 | E71: =IF(E8="",0,IFERROR(INDEX(D$64:D$72,MATCH(E8,D$1:D$9,0)),E50)) -> 8 | F71: =IF(F8="",0,IFERROR(INDEX(E$64:E$72,MATCH(F8,E$1:E$9,0)),F50)) -> 7 | G71: =IF(G8="",0,IFERROR(INDEX(F$64:F$72,MATCH(G8,F$1:F$9,0)),G50)) -> 6 | H71: =IF(H8="",0,IFERROR(INDEX(G$64:G$72,MATCH(H8,G$1:G$9,0)),H50)) -> 4 | I71: =IF(I8="",0,IFERROR(INDEX(H$64:H$72,MATCH(I8,H$1:H$9,0)),I50)) -> 4 | J71: =IF(J8="",0,IFERROR(INDEX(I$64:I$72,MATCH(J8,I$1:I$9,0)),J50)) -> #N/A | ... AG71: =IF(AG8="",0,IFERROR(INDEX(AF$64:AF$72,MATCH(AG8,AF$1:AF$9,0)),AG50)) -> 7
B72: =IF(B9<>"",A9,0) -> 9 | C72: =IF(C9="",0,IFERROR(INDEX(B$64:B$72,MATCH(C9,B$1:B$9,0)),C51)) -> 9 | D72: =IF(D9="",0,IFERROR(INDEX(C$64:C$72,MATCH(D9,C$1:C$9,0)),D51)) -> 7 | E72: =IF(E9="",0,IFERROR(INDEX(D$64:D$72,MATCH(E9,D$1:D$9,0)),E51)) -> 7 | F72: =IF(F9="",0,IFERROR(INDEX(E$64:E$72,MATCH(F9,E$1:E$9,0)),F51)) -> -1 | G72: =IF(G9="",0,IFERROR(INDEX(F$64:F$72,MATCH(G9,F$1:F$9,0)),G51)) -> -1 | H72: =IF(H9="",0,IFERROR(INDEX(G$64:G$72,MATCH(H9,G$1:G$9,0)),H51)) -> 8 | I72: =IF(I9="",0,IFERROR(INDEX(H$64:H$72,MATCH(I9,H$1:H$9,0)),I51)) -> 8 | J72: =IF(J9="",0,IFERROR(INDEX(I$64:I$72,MATCH(J9,I$1:I$9,0)),J51)) -> -1 | ... AG72: =IF(AG9="",0,IFERROR(INDEX(AF$64:AF$72,MATCH(AG9,AF$1:AF$9,0)),AG51)) -> 0
A74: 予定一覧表宿泊欄 転記用
B75: 1 | C75: 上段 | D75: =IF(IFERROR(INDEX(AI$23:AI$31,MATCH(B12,B$1:B$9,0)),0)=退所日,B12,IF(IFERROR(INDEX(AI$23:AI$31,MATCH(B12,B$1:B$9,0)),0)=連泊日,B12,"")) -> 安藤 | E75: =IF(IFERROR(INDEX(AJ$23:AJ$31,MATCH(C12,C$1:C$9,0)),0)=退所日,C12,IF(IFERROR(INDEX(AJ$23:AJ$31,MATCH(C12,C$1:C$9,0)),0)=連泊日,C12,"")) -> 川原 | F75: =IF(IFERROR(INDEX(AK$23:AK$31,MATCH(D12,D$1:D$9,0)),0)=退所日,D12,IF(IFERROR(INDEX(AK$23:AK$31,MATCH(D12,D$1:D$9,0)),0)=連泊日,D12,"")) -> 安藤 | G75: =IF(IFERROR(INDEX(AL$23:AL$31,MATCH(E12,E$1:E$9,0)),0)=退所日,E12,IF(IFERROR(INDEX(AL$23:AL$31,MATCH(E12,E$1:E$9,0)),0)=連泊日,E12,"")) -> 安藤 | H75: =IF(IFERROR(INDEX(AM$23:AM$31,MATCH(F12,F$1:F$9,0)),0)=退所日,F12,IF(IFERROR(INDEX(AM$23:AM$31,MATCH(F12,F$1:F$9,0)),0)=連泊日,F12,"")) -> 仲里 | I75: =IF(IFERROR(INDEX(AN$23:AN$31,MATCH(G12,G$1:G$9,0)),0)=退所日,G12,IF(IFERROR(INDEX(AN$23:AN$31,MATCH(G12,G$1:G$9,0)),0)=連泊日,G12,"")) -> 仲里 | J75: =IF(IFERROR(INDEX(AO$23:AO$31,MATCH(H12,H$1:H$9,0)),0)=退所日,H12,IF(IFERROR(INDEX(AO$23:AO$31,MATCH(H12,H$1:H$9,0)),0)=連泊日,H12,"")) -> 仲里 | K75: =IF(IFERROR(INDEX(AP$23:AP$31,MATCH(I12,I$1:I$9,0)),0)=退所日,I12,IF(IFERROR(INDEX(AP$23:AP$31,MATCH(I12,I$1:I$9,0)),0)=連泊日,I12,"")) -> 仲里 | ... AH75: =IF(IFERROR(INDEX(BM$23:BM$31,MATCH(AF12,AF$1:AF$9,0)),0)=退所日,AF12,IF(IFERROR(INDEX(BM$23:BM$31,MATCH(AF12,AF$1:AF$9,0)),0)=連泊日,AF12,"")) -> 佐々
C76: 下段 | D76: =IF(ISBLANK(C12),"",IF(OR(INDEX(AJ$33:AJ$41,MATCH(C12,C$1:C$9,0))={11,12}),C12,"")) -> 川原 | E76: =IF(ISBLANK(D12),"",IF(OR(INDEX(AK$33:AK$41,MATCH(D12,D$1:D$9,0))={11,12}),D12,"")) -> 安藤 | F76: =IF(ISBLANK(E12),"",IF(OR(INDEX(AL$33:AL$41,MATCH(E12,E$1:E$9,0))={11,12}),E12,"")) -> 安藤 | G76: =IF(ISBLANK(F12),"",IF(OR(INDEX(AM$33:AM$41,MATCH(F12,F$1:F$9,0))={11,12}),F12,"")) -> 仲里 | H76: =IF(ISBLANK(G12),"",IF(OR(INDEX(AN$33:AN$41,MATCH(G12,G$1:G$9,0))={11,12}),G12,"")) -> 仲里 | I76: =IF(ISBLANK(H12),"",IF(OR(INDEX(AO$33:AO$41,MATCH(H12,H$1:H$9,0))={11,12}),H12,"")) -> 仲里 | J76: =IF(ISBLANK(I12),"",IF(OR(INDEX(AP$33:AP$41,MATCH(I12,I$1:I$9,0))={11,12}),I12,"")) -> 仲里 | K76: =IF(ISBLANK(J12),"",IF(OR(INDEX(AQ$33:AQ$41,MATCH(J12,J$1:J$9,0))={11,12}),J12,"")) -> 佐々 | ... AH76: =IF(ISBLANK(AG12),"",IF(OR(INDEX(BN$33:BN$41,MATCH(AG12,AG$1:AG$9,0))={11,12}),AG12,"")) -> 佐々
B77: 2 | C77: 上段 | D77: =IF(IFERROR(INDEX(AI$23:AI$31,MATCH(B13,B$1:B$9,0)),0)=退所日,B13,IF(IFERROR(INDEX(AI$23:AI$31,MATCH(B13,B$1:B$9,0)),0)=連泊日,B13,"")) -> 伊シ | E77: =IF(IFERROR(INDEX(AJ$23:AJ$31,MATCH(C13,C$1:C$9,0)),0)=退所日,C13,IF(IFERROR(INDEX(AJ$23:AJ$31,MATCH(C13,C$1:C$9,0)),0)=連泊日,C13,"")) -> 伊シ | F77: =IF(IFERROR(INDEX(AK$23:AK$31,MATCH(D13,D$1:D$9,0)),0)=退所日,D13,IF(IFERROR(INDEX(AK$23:AK$31,MATCH(D13,D$1:D$9,0)),0)=連泊日,D13,"")) -> 伊シ | G77: =IF(IFERROR(INDEX(AL$23:AL$31,MATCH(E13,E$1:E$9,0)),0)=退所日,E13,IF(IFERROR(INDEX(AL$23:AL$31,MATCH(E13,E$1:E$9,0)),0)=連泊日,E13,"")) -> 伊シ | H77: =IF(IFERROR(INDEX(AM$23:AM$31,MATCH(F13,F$1:F$9,0)),0)=退所日,F13,IF(IFERROR(INDEX(AM$23:AM$31,MATCH(F13,F$1:F$9,0)),0)=連泊日,F13,"")) -> 伊シ | I77: =IF(IFERROR(INDEX(AN$23:AN$31,MATCH(G13,G$1:G$9,0)),0)=退所日,G13,IF(IFERROR(INDEX(AN$23:AN$31,MATCH(G13,G$1:G$9,0)),0)=連泊日,G13,"")) -> 伊シ | J77: =IF(IFERROR(INDEX(AO$23:AO$31,MATCH(H13,H$1:H$9,0)),0)=退所日,H13,IF(IFERROR(INDEX(AO$23:AO$31,MATCH(H13,H$1:H$9,0)),0)=連泊日,H13,"")) -> 伊シ | K77: =IF(IFERROR(INDEX(AP$23:AP$31,MATCH(I13,I$1:I$9,0)),0)=退所日,I13,IF(IFERROR(INDEX(AP$23:AP$31,MATCH(I13,I$1:I$9,0)),0)=連泊日,I13,"")) -> 伊シ | ... AH77: =IF(IFERROR(INDEX(BM$23:BM$31,MATCH(AF13,AF$1:AF$9,0)),0)=退所日,AF13,IF(IFERROR(INDEX(BM$23:BM$31,MATCH(AF13,AF$1:AF$9,0)),0)=連泊日,AF13,"")) -> 澤登
C78: 下段 | D78: =IF(ISBLANK(C13),"",IF(OR(INDEX(AJ$33:AJ$41,MATCH(C13,C$1:C$9,0))={11,12}),C13,"")) -> 伊シ | E78: =IF(ISBLANK(D13),"",IF(OR(INDEX(AK$33:AK$41,MATCH(D13,D$1:D$9,0))={11,12}),D13,"")) -> 伊シ | F78: =IF(ISBLANK(E13),"",IF(OR(INDEX(AL$33:AL$41,MATCH(E13,E$1:E$9,0))={11,12}),E13,"")) -> 伊シ | G78: =IF(ISBLANK(F13),"",IF(OR(INDEX(AM$33:AM$41,MATCH(F13,F$1:F$9,0))={11,12}),F13,"")) -> 伊シ | H78: =IF(ISBLANK(G13),"",IF(OR(INDEX(AN$33:AN$41,MATCH(G13,G$1:G$9,0))={11,12}),G13,"")) -> 伊シ | I78: =IF(ISBLANK(H13),"",IF(OR(INDEX(AO$33:AO$41,MATCH(H13,H$1:H$9,0))={11,12}),H13,"")) -> 伊シ | J78: =IF(ISBLANK(I13),"",IF(OR(INDEX(AP$33:AP$41,MATCH(I13,I$1:I$9,0))={11,12}),I13,"")) -> 伊シ | K78: =IF(ISBLANK(J13),"",IF(OR(INDEX(AQ$33:AQ$41,MATCH(J13,J$1:J$9,0))={11,12}),J13,"")) -> 伊シ | ... AH78: =IF(ISBLANK(AG13),"",IF(OR(INDEX(BN$33:BN$41,MATCH(AG13,AG$1:AG$9,0))={11,12}),AG13,"")) -> 澤登
B79: 3 | C79: 上段 | D79: =IF(IFERROR(INDEX(AI$23:AI$31,MATCH(B14,B$1:B$9,0)),0)=退所日,B14,IF(IFERROR(INDEX(AI$23:AI$31,MATCH(B14,B$1:B$9,0)),0)=連泊日,B14,"")) -> 工藤 | E79: =IF(IFERROR(INDEX(AJ$23:AJ$31,MATCH(C14,C$1:C$9,0)),0)=退所日,C14,IF(IFERROR(INDEX(AJ$23:AJ$31,MATCH(C14,C$1:C$9,0)),0)=連泊日,C14,"")) -> 佐々 | F79: =IF(IFERROR(INDEX(AK$23:AK$31,MATCH(D14,D$1:D$9,0)),0)=退所日,D14,IF(IFERROR(INDEX(AK$23:AK$31,MATCH(D14,D$1:D$9,0)),0)=連泊日,D14,"")) -> 佐々 | G79: =IF(IFERROR(INDEX(AL$23:AL$31,MATCH(E14,E$1:E$9,0)),0)=退所日,E14,IF(IFERROR(INDEX(AL$23:AL$31,MATCH(E14,E$1:E$9,0)),0)=連泊日,E14,"")) -> 佐々 | H79: =IF(IFERROR(INDEX(AM$23:AM$31,MATCH(F14,F$1:F$9,0)),0)=退所日,F14,IF(IFERROR(INDEX(AM$23:AM$31,MATCH(F14,F$1:F$9,0)),0)=連泊日,F14,"")) -> 佐々 | I79: =IF(IFERROR(INDEX(AN$23:AN$31,MATCH(G14,G$1:G$9,0)),0)=退所日,G14,IF(IFERROR(INDEX(AN$23:AN$31,MATCH(G14,G$1:G$9,0)),0)=連泊日,G14,"")) -> 川原 | J79: =IF(IFERROR(INDEX(AO$23:AO$31,MATCH(H14,H$1:H$9,0)),0)=退所日,H14,IF(IFERROR(INDEX(AO$23:AO$31,MATCH(H14,H$1:H$9,0)),0)=連泊日,H14,"")) -> 安藤 | K79: =IF(IFERROR(INDEX(AP$23:AP$31,MATCH(I14,I$1:I$9,0)),0)=退所日,I14,IF(IFERROR(INDEX(AP$23:AP$31,MATCH(I14,I$1:I$9,0)),0)=連泊日,I14,"")) -> 安藤 | ... AH79: =IF(IFERROR(INDEX(BM$23:BM$31,MATCH(AF14,AF$1:AF$9,0)),0)=退所日,AF14,IF(IFERROR(INDEX(BM$23:BM$31,MATCH(AF14,AF$1:AF$9,0)),0)=連泊日,AF14,"")) -> 鈴木
C80: 下段 | D80: =IF(ISBLANK(C14),"",IF(OR(INDEX(AJ$33:AJ$41,MATCH(C14,C$1:C$9,0))={11,12}),C14,"")) -> 佐々 | E80: =IF(ISBLANK(D14),"",IF(OR(INDEX(AK$33:AK$41,MATCH(D14,D$1:D$9,0))={11,12}),D14,"")) -> 佐々 | F80: =IF(ISBLANK(E14),"",IF(OR(INDEX(AL$33:AL$41,MATCH(E14,E$1:E$9,0))={11,12}),E14,"")) -> 佐々 | G80: =IF(ISBLANK(F14),"",IF(OR(INDEX(AM$33:AM$41,MATCH(F14,F$1:F$9,0))={11,12}),F14,"")) -> 佐々 | H80: =IF(ISBLANK(G14),"",IF(OR(INDEX(AN$33:AN$41,MATCH(G14,G$1:G$9,0))={11,12}),G14,"")) -> 川原 | I80: =IF(ISBLANK(H14),"",IF(OR(INDEX(AO$33:AO$41,MATCH(H14,H$1:H$9,0))={11,12}),H14,"")) -> 安藤 | J80: =IF(ISBLANK(I14),"",IF(OR(INDEX(AP$33:AP$41,MATCH(I14,I$1:I$9,0))={11,12}),I14,"")) -> 安藤 | K80: =IF(ISBLANK(J14),"",IF(OR(INDEX(AQ$33:AQ$41,MATCH(J14,J$1:J$9,0))={11,12}),J14,"")) -> 鈴木 | ... AH80: =IF(ISBLANK(AG14),"",IF(OR(INDEX(BN$33:BN$41,MATCH(AG14,AG$1:AG$9,0))={11,12}),AG14,"")) -> 鈴木
B81: 4 | C81: 上段 | D81: =IF(IFERROR(INDEX(AI$23:AI$31,MATCH(B15,B$1:B$9,0)),0)=退所日,B15,IF(IFERROR(INDEX(AI$23:AI$31,MATCH(B15,B$1:B$9,0)),0)=連泊日,B15,"")) -> 澤井 | E81: =IF(IFERROR(INDEX(AJ$23:AJ$31,MATCH(C15,C$1:C$9,0)),0)=退所日,C15,IF(IFERROR(INDEX(AJ$23:AJ$31,MATCH(C15,C$1:C$9,0)),0)=連泊日,C15,"")) -> 鈴木 | F81: =IF(IFERROR(INDEX(AK$23:AK$31,MATCH(D15,D$1:D$9,0)),0)=退所日,D15,IF(IFERROR(INDEX(AK$23:AK$31,MATCH(D15,D$1:D$9,0)),0)=連泊日,D15,"")) -> 鈴木 | G81: =IF(IFERROR(INDEX(AL$23:AL$31,MATCH(E15,E$1:E$9,0)),0)=退所日,E15,IF(IFERROR(INDEX(AL$23:AL$31,MATCH(E15,E$1:E$9,0)),0)=連泊日,E15,"")) -> 鈴木 | H81: =IF(IFERROR(INDEX(AM$23:AM$31,MATCH(F15,F$1:F$9,0)),0)=退所日,F15,IF(IFERROR(INDEX(AM$23:AM$31,MATCH(F15,F$1:F$9,0)),0)=連泊日,F15,"")) -> 鈴木 | I81: =IF(IFERROR(INDEX(AN$23:AN$31,MATCH(G15,G$1:G$9,0)),0)=退所日,G15,IF(IFERROR(INDEX(AN$23:AN$31,MATCH(G15,G$1:G$9,0)),0)=連泊日,G15,"")) -> 二宮 | J81: =IF(IFERROR(INDEX(AO$23:AO$31,MATCH(H15,H$1:H$9,0)),0)=退所日,H15,IF(IFERROR(INDEX(AO$23:AO$31,MATCH(H15,H$1:H$9,0)),0)=連泊日,H15,"")) -> 二宮 | K81: =IF(IFERROR(INDEX(AP$23:AP$31,MATCH(I15,I$1:I$9,0)),0)=退所日,I15,IF(IFERROR(INDEX(AP$23:AP$31,MATCH(I15,I$1:I$9,0)),0)=連泊日,I15,"")) -> 二宮 | ... AH81: =IF(IFERROR(INDEX(BM$23:BM$31,MATCH(AF15,AF$1:AF$9,0)),0)=退所日,AF15,IF(IFERROR(INDEX(BM$23:BM$31,MATCH(AF15,AF$1:AF$9,0)),0)=連泊日,AF15,"")) -> 伊シ
C82: 下段 | D82: =IF(ISBLANK(C15),"",IF(OR(INDEX(AJ$33:AJ$41,MATCH(C15,C$1:C$9,0))={11,12}),C15,"")) -> 鈴木 | E82: =IF(ISBLANK(D15),"",IF(OR(INDEX(AK$33:AK$41,MATCH(D15,D$1:D$9,0))={11,12}),D15,"")) -> 鈴木 | F82: =IF(ISBLANK(E15),"",IF(OR(INDEX(AL$33:AL$41,MATCH(E15,E$1:E$9,0))={11,12}),E15,"")) -> 鈴木 | G82: =IF(ISBLANK(F15),"",IF(OR(INDEX(AM$33:AM$41,MATCH(F15,F$1:F$9,0))={11,12}),F15,"")) -> 鈴木 | H82: =IF(ISBLANK(G15),"",IF(OR(INDEX(AN$33:AN$41,MATCH(G15,G$1:G$9,0))={11,12}),G15,"")) -> 二宮 | I82: =IF(ISBLANK(H15),"",IF(OR(INDEX(AO$33:AO$41,MATCH(H15,H$1:H$9,0))={11,12}),H15,"")) -> 二宮 | J82: =IF(ISBLANK(I15),"",IF(OR(INDEX(AP$33:AP$41,MATCH(I15,I$1:I$9,0))={11,12}),I15,"")) -> 二宮 | K82: =IF(ISBLANK(J15),"",IF(OR(INDEX(AQ$33:AQ$41,MATCH(J15,J$1:J$9,0))={11,12}),J15,"")) -> 山地 | ... AH82: =IF(ISBLANK(AG15),"",IF(OR(INDEX(BN$33:BN$41,MATCH(AG15,AG$1:AG$9,0))={11,12}),AG15,"")) -> 伊シ
B83: 5 | C83: 上段 | D83: =IF(IFERROR(INDEX(AI$23:AI$31,MATCH(B16,B$1:B$9,0)),0)=退所日,B16,IF(IFERROR(INDEX(AI$23:AI$31,MATCH(B16,B$1:B$9,0)),0)=連泊日,B16,"")) -> 澤登 | E83: =IF(IFERROR(INDEX(AJ$23:AJ$31,MATCH(C16,C$1:C$9,0)),0)=退所日,C16,IF(IFERROR(INDEX(AJ$23:AJ$31,MATCH(C16,C$1:C$9,0)),0)=連泊日,C16,"")) -> 澤登 | F83: =IF(IFERROR(INDEX(AK$23:AK$31,MATCH(D16,D$1:D$9,0)),0)=退所日,D16,IF(IFERROR(INDEX(AK$23:AK$31,MATCH(D16,D$1:D$9,0)),0)=連泊日,D16,"")) -> 澤登 | G83: =IF(IFERROR(INDEX(AL$23:AL$31,MATCH(E16,E$1:E$9,0)),0)=退所日,E16,IF(IFERROR(INDEX(AL$23:AL$31,MATCH(E16,E$1:E$9,0)),0)=連泊日,E16,"")) -> 澤登 | H83: =IF(IFERROR(INDEX(AM$23:AM$31,MATCH(F16,F$1:F$9,0)),0)=退所日,F16,IF(IFERROR(INDEX(AM$23:AM$31,MATCH(F16,F$1:F$9,0)),0)=連泊日,F16,"")) -> 澤登 | I83: =IF(IFERROR(INDEX(AN$23:AN$31,MATCH(G16,G$1:G$9,0)),0)=退所日,G16,IF(IFERROR(INDEX(AN$23:AN$31,MATCH(G16,G$1:G$9,0)),0)=連泊日,G16,"")) -> 澤登 | J83: =IF(IFERROR(INDEX(AO$23:AO$31,MATCH(H16,H$1:H$9,0)),0)=退所日,H16,IF(IFERROR(INDEX(AO$23:AO$31,MATCH(H16,H$1:H$9,0)),0)=連泊日,H16,"")) -> 澤登 | K83: =IF(IFERROR(INDEX(AP$23:AP$31,MATCH(I16,I$1:I$9,0)),0)=退所日,I16,IF(IFERROR(INDEX(AP$23:AP$31,MATCH(I16,I$1:I$9,0)),0)=連泊日,I16,"")) -> 澤登 | ... AH83: =IF(IFERROR(INDEX(BM$23:BM$31,MATCH(AF16,AF$1:AF$9,0)),0)=退所日,AF16,IF(IFERROR(INDEX(BM$23:BM$31,MATCH(AF16,AF$1:AF$9,0)),0)=連泊日,AF16,"")) -> 安藤
C84: 下段 | D84: =IF(ISBLANK(C16),"",IF(OR(INDEX(AJ$33:AJ$41,MATCH(C16,C$1:C$9,0))={11,12}),C16,"")) -> 澤登 | E84: =IF(ISBLANK(D16),"",IF(OR(INDEX(AK$33:AK$41,MATCH(D16,D$1:D$9,0))={11,12}),D16,"")) -> 澤登 | F84: =IF(ISBLANK(E16),"",IF(OR(INDEX(AL$33:AL$41,MATCH(E16,E$1:E$9,0))={11,12}),E16,"")) -> 澤登 | G84: =IF(ISBLANK(F16),"",IF(OR(INDEX(AM$33:AM$41,MATCH(F16,F$1:F$9,0))={11,12}),F16,"")) -> 澤登 | H84: =IF(ISBLANK(G16),"",IF(OR(INDEX(AN$33:AN$41,MATCH(G16,G$1:G$9,0))={11,12}),G16,"")) -> 澤登 | I84: =IF(ISBLANK(H16),"",IF(OR(INDEX(AO$33:AO$41,MATCH(H16,H$1:H$9,0))={11,12}),H16,"")) -> 澤登 | J84: =IF(ISBLANK(I16),"",IF(OR(INDEX(AP$33:AP$41,MATCH(I16,I$1:I$9,0))={11,12}),I16,"")) -> 澤登 | K84: =IF(ISBLANK(J16),"",IF(OR(INDEX(AQ$33:AQ$41,MATCH(J16,J$1:J$9,0))={11,12}),J16,"")) -> 澤登 | ... AH84: =IF(ISBLANK(AG16),"",IF(OR(INDEX(BN$33:BN$41,MATCH(AG16,AG$1:AG$9,0))={11,12}),AG16,"")) -> 安藤
B85: 6 | C85: 上段 | D85: =IF(IFERROR(INDEX(AI$23:AI$31,MATCH(B17,B$1:B$9,0)),0)=退所日,B17,IF(IFERROR(INDEX(AI$23:AI$31,MATCH(B17,B$1:B$9,0)),0)=連泊日,B17,"")) -> 仲里 | E85: =IF(IFERROR(INDEX(AJ$23:AJ$31,MATCH(C17,C$1:C$9,0)),0)=退所日,C17,IF(IFERROR(INDEX(AJ$23:AJ$31,MATCH(C17,C$1:C$9,0)),0)=連泊日,C17,"")) -> 山地 | F85: =IF(IFERROR(INDEX(AK$23:AK$31,MATCH(D17,D$1:D$9,0)),0)=退所日,D17,IF(IFERROR(INDEX(AK$23:AK$31,MATCH(D17,D$1:D$9,0)),0)=連泊日,D17,"")) -> 石井 | G85: =IF(IFERROR(INDEX(AL$23:AL$31,MATCH(E17,E$1:E$9,0)),0)=退所日,E17,IF(IFERROR(INDEX(AL$23:AL$31,MATCH(E17,E$1:E$9,0)),0)=連泊日,E17,"")) -> 石井 | H85: =IF(IFERROR(INDEX(AM$23:AM$31,MATCH(F17,F$1:F$9,0)),0)=退所日,F17,IF(IFERROR(INDEX(AM$23:AM$31,MATCH(F17,F$1:F$9,0)),0)=連泊日,F17,"")) -> 石井 | I85: =IF(IFERROR(INDEX(AN$23:AN$31,MATCH(G17,G$1:G$9,0)),0)=退所日,G17,IF(IFERROR(INDEX(AN$23:AN$31,MATCH(G17,G$1:G$9,0)),0)=連泊日,G17,"")) -> 吉田 | J85: =IF(IFERROR(INDEX(AO$23:AO$31,MATCH(H17,H$1:H$9,0)),0)=退所日,H17,IF(IFERROR(INDEX(AO$23:AO$31,MATCH(H17,H$1:H$9,0)),0)=連泊日,H17,"")) | K85: =IF(IFERROR(INDEX(AP$23:AP$31,MATCH(I17,I$1:I$9,0)),0)=退所日,I17,IF(IFERROR(INDEX(AP$23:AP$31,MATCH(I17,I$1:I$9,0)),0)=連泊日,I17,"")) | ... AH85: =IF(IFERROR(INDEX(BM$23:BM$31,MATCH(AF17,AF$1:AF$9,0)),0)=退所日,AF17,IF(IFERROR(INDEX(BM$23:BM$31,MATCH(AF17,AF$1:AF$9,0)),0)=連泊日,AF17,"")) -> 山本
C86: 下段 | D86: =IF(ISBLANK(C17),"",IF(OR(INDEX(AJ$33:AJ$41,MATCH(C17,C$1:C$9,0))={11,12}),C17,"")) -> 山地 | E86: =IF(ISBLANK(D17),"",IF(OR(INDEX(AK$33:AK$41,MATCH(D17,D$1:D$9,0))={11,12}),D17,"")) -> 石井 | F86: =IF(ISBLANK(E17),"",IF(OR(INDEX(AL$33:AL$41,MATCH(E17,E$1:E$9,0))={11,12}),E17,"")) -> 石井 | G86: =IF(ISBLANK(F17),"",IF(OR(INDEX(AM$33:AM$41,MATCH(F17,F$1:F$9,0))={11,12}),F17,"")) -> 石井 | H86: =IF(ISBLANK(G17),"",IF(OR(INDEX(AN$33:AN$41,MATCH(G17,G$1:G$9,0))={11,12}),G17,"")) -> 吉田 | I86: =IF(ISBLANK(H17),"",IF(OR(INDEX(AO$33:AO$41,MATCH(H17,H$1:H$9,0))={11,12}),H17,"")) -> #N/A | J86: =IF(ISBLANK(I17),"",IF(OR(INDEX(AP$33:AP$41,MATCH(I17,I$1:I$9,0))={11,12}),I17,"")) -> #N/A | K86: =IF(ISBLANK(J17),"",IF(OR(INDEX(AQ$33:AQ$41,MATCH(J17,J$1:J$9,0))={11,12}),J17,"")) -> #N/A | ... AH86: =IF(ISBLANK(AG17),"",IF(OR(INDEX(BN$33:BN$41,MATCH(AG17,AG$1:AG$9,0))={11,12}),AG17,"")) -> 岩永
B87: 7 | C87: 上段 | D87: =IF(IFERROR(INDEX(AI$23:AI$31,MATCH(B18,B$1:B$9,0)),0)=退所日,B18,IF(IFERROR(INDEX(AI$23:AI$31,MATCH(B18,B$1:B$9,0)),0)=連泊日,B18,"")) -> 二宮 | E87: =IF(IFERROR(INDEX(AJ$23:AJ$31,MATCH(C18,C$1:C$9,0)),0)=退所日,C18,IF(IFERROR(INDEX(AJ$23:AJ$31,MATCH(C18,C$1:C$9,0)),0)=連泊日,C18,"")) -> 山本 | F87: =IF(IFERROR(INDEX(AK$23:AK$31,MATCH(D18,D$1:D$9,0)),0)=退所日,D18,IF(IFERROR(INDEX(AK$23:AK$31,MATCH(D18,D$1:D$9,0)),0)=連泊日,D18,"")) -> 山本 | G87: =IF(IFERROR(INDEX(AL$23:AL$31,MATCH(E18,E$1:E$9,0)),0)=退所日,E18,IF(IFERROR(INDEX(AL$23:AL$31,MATCH(E18,E$1:E$9,0)),0)=連泊日,E18,"")) -> 山本 | H87: =IF(IFERROR(INDEX(AM$23:AM$31,MATCH(F18,F$1:F$9,0)),0)=退所日,F18,IF(IFERROR(INDEX(AM$23:AM$31,MATCH(F18,F$1:F$9,0)),0)=連泊日,F18,"")) -> 山地 | I87: =IF(IFERROR(INDEX(AN$23:AN$31,MATCH(G18,G$1:G$9,0)),0)=退所日,G18,IF(IFERROR(INDEX(AN$23:AN$31,MATCH(G18,G$1:G$9,0)),0)=連泊日,G18,"")) -> 山地 | J87: =IF(IFERROR(INDEX(AO$23:AO$31,MATCH(H18,H$1:H$9,0)),0)=退所日,H18,IF(IFERROR(INDEX(AO$23:AO$31,MATCH(H18,H$1:H$9,0)),0)=連泊日,H18,"")) -> 伊ミ | K87: =IF(IFERROR(INDEX(AP$23:AP$31,MATCH(I18,I$1:I$9,0)),0)=退所日,I18,IF(IFERROR(INDEX(AP$23:AP$31,MATCH(I18,I$1:I$9,0)),0)=連泊日,I18,"")) | ... AH87: =IF(IFERROR(INDEX(BM$23:BM$31,MATCH(AF18,AF$1:AF$9,0)),0)=退所日,AF18,IF(IFERROR(INDEX(BM$23:BM$31,MATCH(AF18,AF$1:AF$9,0)),0)=連泊日,AF18,"")) -> 渡邊
C88: 下段 | D88: =IF(ISBLANK(C18),"",IF(OR(INDEX(AJ$33:AJ$41,MATCH(C18,C$1:C$9,0))={11,12}),C18,"")) -> 山本 | E88: =IF(ISBLANK(D18),"",IF(OR(INDEX(AK$33:AK$41,MATCH(D18,D$1:D$9,0))={11,12}),D18,"")) -> 山本 | F88: =IF(ISBLANK(E18),"",IF(OR(INDEX(AL$33:AL$41,MATCH(E18,E$1:E$9,0))={11,12}),E18,"")) -> 山本 | G88: =IF(ISBLANK(F18),"",IF(OR(INDEX(AM$33:AM$41,MATCH(F18,F$1:F$9,0))={11,12}),F18,"")) -> 山地 | H88: =IF(ISBLANK(G18),"",IF(OR(INDEX(AN$33:AN$41,MATCH(G18,G$1:G$9,0))={11,12}),G18,"")) -> 山地 | I88: =IF(ISBLANK(H18),"",IF(OR(INDEX(AO$33:AO$41,MATCH(H18,H$1:H$9,0))={11,12}),H18,"")) -> 伊ミ | J88: =IF(ISBLANK(I18),"",IF(OR(INDEX(AP$33:AP$41,MATCH(I18,I$1:I$9,0))={11,12}),I18,"")) -> #N/A | K88: =IF(ISBLANK(J18),"",IF(OR(INDEX(AQ$33:AQ$41,MATCH(J18,J$1:J$9,0))={11,12}),J18,"")) -> #N/A | ... AH88: =IF(ISBLANK(AG18),"",IF(OR(INDEX(BN$33:BN$41,MATCH(AG18,AG$1:AG$9,0))={11,12}),AG18,"")) -> 渡邊
B89: 8 | C89: 上段 | D89: =IF(IFERROR(INDEX(AI$23:AI$31,MATCH(B19,B$1:B$9,0)),0)=退所日,B19,IF(IFERROR(INDEX(AI$23:AI$31,MATCH(B19,B$1:B$9,0)),0)=連泊日,B19,"")) -> 星野 | E89: =IF(IFERROR(INDEX(AJ$23:AJ$31,MATCH(C19,C$1:C$9,0)),0)=退所日,C19,IF(IFERROR(INDEX(AJ$23:AJ$31,MATCH(C19,C$1:C$9,0)),0)=連泊日,C19,"")) -> 星野 | F89: =IF(IFERROR(INDEX(AK$23:AK$31,MATCH(D19,D$1:D$9,0)),0)=退所日,D19,IF(IFERROR(INDEX(AK$23:AK$31,MATCH(D19,D$1:D$9,0)),0)=連泊日,D19,"")) -> 星野 | G89: =IF(IFERROR(INDEX(AL$23:AL$31,MATCH(E19,E$1:E$9,0)),0)=退所日,E19,IF(IFERROR(INDEX(AL$23:AL$31,MATCH(E19,E$1:E$9,0)),0)=連泊日,E19,"")) -> 星野 | H89: =IF(IFERROR(INDEX(AM$23:AM$31,MATCH(F19,F$1:F$9,0)),0)=退所日,F19,IF(IFERROR(INDEX(AM$23:AM$31,MATCH(F19,F$1:F$9,0)),0)=連泊日,F19,"")) -> 星野 | I89: =IF(IFERROR(INDEX(AN$23:AN$31,MATCH(G19,G$1:G$9,0)),0)=退所日,G19,IF(IFERROR(INDEX(AN$23:AN$31,MATCH(G19,G$1:G$9,0)),0)=連泊日,G19,"")) -> 星野 | J89: =IF(IFERROR(INDEX(AO$23:AO$31,MATCH(H19,H$1:H$9,0)),0)=退所日,H19,IF(IFERROR(INDEX(AO$23:AO$31,MATCH(H19,H$1:H$9,0)),0)=連泊日,H19,"")) -> 星野 | K89: =IF(IFERROR(INDEX(AP$23:AP$31,MATCH(I19,I$1:I$9,0)),0)=退所日,I19,IF(IFERROR(INDEX(AP$23:AP$31,MATCH(I19,I$1:I$9,0)),0)=連泊日,I19,"")) -> 星野 | ... AH89: =IF(IFERROR(INDEX(BM$23:BM$31,MATCH(AF19,AF$1:AF$9,0)),0)=退所日,AF19,IF(IFERROR(INDEX(BM$23:BM$31,MATCH(AF19,AF$1:AF$9,0)),0)=連泊日,AF19,""))
C90: 下段 | D90: =IF(ISBLANK(C19),"",IF(OR(INDEX(AJ$33:AJ$41,MATCH(C19,C$1:C$9,0))={11,12}),C19,"")) -> 星野 | E90: =IF(ISBLANK(D19),"",IF(OR(INDEX(AK$33:AK$41,MATCH(D19,D$1:D$9,0))={11,12}),D19,"")) -> 星野 | F90: =IF(ISBLANK(E19),"",IF(OR(INDEX(AL$33:AL$41,MATCH(E19,E$1:E$9,0))={11,12}),E19,"")) -> 星野 | G90: =IF(ISBLANK(F19),"",IF(OR(INDEX(AM$33:AM$41,MATCH(F19,F$1:F$9,0))={11,12}),F19,"")) -> 星野 | H90: =IF(ISBLANK(G19),"",IF(OR(INDEX(AN$33:AN$41,MATCH(G19,G$1:G$9,0))={11,12}),G19,"")) -> 星野 | I90: =IF(ISBLANK(H19),"",IF(OR(INDEX(AO$33:AO$41,MATCH(H19,H$1:H$9,0))={11,12}),H19,"")) -> 星野 | J90: =IF(ISBLANK(I19),"",IF(OR(INDEX(AP$33:AP$41,MATCH(I19,I$1:I$9,0))={11,12}),I19,"")) -> 星野 | K90: =IF(ISBLANK(J19),"",IF(OR(INDEX(AQ$33:AQ$41,MATCH(J19,J$1:J$9,0))={11,12}),J19,"")) -> 星野 | ... AH90: =IF(ISBLANK(AG19),"",IF(OR(INDEX(BN$33:BN$41,MATCH(AG19,AG$1:AG$9,0))={11,12}),AG19,"")) -> 高橋
B91: 9 | C91: 上段 | D91: =IF(IFERROR(INDEX(AI$23:AI$31,MATCH(B20,B$1:B$9,0)),0)=退所日,B20,IF(IFERROR(INDEX(AI$23:AI$31,MATCH(B20,B$1:B$9,0)),0)=連泊日,B20,"")) -> 吉田 | E91: =IF(IFERROR(INDEX(AJ$23:AJ$31,MATCH(C20,C$1:C$9,0)),0)=退所日,C20,IF(IFERROR(INDEX(AJ$23:AJ$31,MATCH(C20,C$1:C$9,0)),0)=連泊日,C20,"")) -> 渡邊 | F91: =IF(IFERROR(INDEX(AK$23:AK$31,MATCH(D20,D$1:D$9,0)),0)=退所日,D20,IF(IFERROR(INDEX(AK$23:AK$31,MATCH(D20,D$1:D$9,0)),0)=連泊日,D20,"")) | G91: =IF(IFERROR(INDEX(AL$23:AL$31,MATCH(E20,E$1:E$9,0)),0)=退所日,E20,IF(IFERROR(INDEX(AL$23:AL$31,MATCH(E20,E$1:E$9,0)),0)=連泊日,E20,"")) | H91: =IF(IFERROR(INDEX(AM$23:AM$31,MATCH(F20,F$1:F$9,0)),0)=退所日,F20,IF(IFERROR(INDEX(AM$23:AM$31,MATCH(F20,F$1:F$9,0)),0)=連泊日,F20,"")) | I91: =IF(IFERROR(INDEX(AN$23:AN$31,MATCH(G20,G$1:G$9,0)),0)=退所日,G20,IF(IFERROR(INDEX(AN$23:AN$31,MATCH(G20,G$1:G$9,0)),0)=連泊日,G20,"")) | J91: =IF(IFERROR(INDEX(AO$23:AO$31,MATCH(H20,H$1:H$9,0)),0)=退所日,H20,IF(IFERROR(INDEX(AO$23:AO$31,MATCH(H20,H$1:H$9,0)),0)=連泊日,H20,"")) | K91: =IF(IFERROR(INDEX(AP$23:AP$31,MATCH(I20,I$1:I$9,0)),0)=退所日,I20,IF(IFERROR(INDEX(AP$23:AP$31,MATCH(I20,I$1:I$9,0)),0)=連泊日,I20,"")) | ... AH91: =IF(IFERROR(INDEX(BM$23:BM$31,MATCH(AF20,AF$1:AF$9,0)),0)=退所日,AF20,IF(IFERROR(INDEX(BM$23:BM$31,MATCH(AF20,AF$1:AF$9,0)),0)=連泊日,AF20,""))
C92: 下段 | D92: =IF(ISBLANK(C20),"",IF(OR(INDEX(AJ$33:AJ$41,MATCH(C20,C$1:C$9,0))={11,12}),C20,"")) -> 渡邊 | E92: =IF(ISBLANK(D20),"",IF(OR(INDEX(AK$33:AK$41,MATCH(D20,D$1:D$9,0))={11,12}),D20,"")) -> #N/A | F92: =IF(ISBLANK(E20),"",IF(OR(INDEX(AL$33:AL$41,MATCH(E20,E$1:E$9,0))={11,12}),E20,"")) -> #N/A | G92: =IF(ISBLANK(F20),"",IF(OR(INDEX(AM$33:AM$41,MATCH(F20,F$1:F$9,0))={11,12}),F20,"")) -> #N/A | H92: =IF(ISBLANK(G20),"",IF(OR(INDEX(AN$33:AN$41,MATCH(G20,G$1:G$9,0))={11,12}),G20,"")) -> #N/A | I92: =IF(ISBLANK(H20),"",IF(OR(INDEX(AO$33:AO$41,MATCH(H20,H$1:H$9,0))={11,12}),H20,"")) -> #N/A | J92: =IF(ISBLANK(I20),"",IF(OR(INDEX(AP$33:AP$41,MATCH(I20,I$1:I$9,0))={11,12}),I20,"")) -> #N/A | K92: =IF(ISBLANK(J20),"",IF(OR(INDEX(AQ$33:AQ$41,MATCH(J20,J$1:J$9,0))={11,12}),J20,"")) -> #N/A | ... AH92: =IF(ISBLANK(AG20),"",IF(OR(INDEX(BN$33:BN$41,MATCH(AG20,AG$1:AG$9,0))={11,12}),AG20,""))

Sheet 自動割当プロトタイプ
A1: 1 | B1: 2 | C1: 3 | D1: 4 | E1: 5 | F1: 6 | H1: 上・翌日ステータス | O1: 下・退所インデックス | V1: 上・当日ステータス | AC1: 上・入所インデックス
A2: 安藤 | B2: 池田 | C2: 池田 | D2: 安藤 | E2: 池田 | F2: 小宮 | H2: =IFERROR(INDEX(【入力・帳票】ベッド表!D$83:D$111,MATCH(A2,【入力・帳票】ベッド表!$B$83:$B$111,0)),0) -> 13 | I2: =IFERROR(INDEX(【入力・帳票】ベッド表!E$83:E$111,MATCH(B2,【入力・帳票】ベッド表!$B$83:$B$111,0)),0) -> 0 | J2: =IFERROR(INDEX(【入力・帳票】ベッド表!F$83:F$111,MATCH(C2,【入力・帳票】ベッド表!$B$83:$B$111,0)),0) -> 0 | K2: =IFERROR(INDEX(【入力・帳票】ベッド表!G$83:G$111,MATCH(D2,【入力・帳票】ベッド表!$B$83:$B$111,0)),0) -> 13 | L2: =IFERROR(INDEX(【入力・帳票】ベッド表!H$83:H$111,MATCH(E2,【入力・帳票】ベッド表!$B$83:$B$111,0)),0) -> 0 | M2: =IFERROR(INDEX(【入力・帳票】ベッド表!I$83:I$111,MATCH(F2,【入力・帳票】ベッド表!$B$83:$B$111,0)),0) -> 0 | O2: =IF(INDEX(H$2:H$10,MATCH(H13,A$2:A$10,0))=退所日,退所日,-1) -> 13 | P2: =IF(INDEX(I$2:I$10,MATCH(I13,B$2:B$10,0))=退所日,退所日,-1) -> -1 | Q2: =IF(INDEX(J$2:J$10,MATCH(J13,C$2:C$10,0))=退所日,退所日,-1) -> -1 | R2: =IF(INDEX(K$2:K$10,MATCH(K13,D$2:D$10,0))=退所日,退所日,-1) -> #N/A | S2: =IF(INDEX(L$2:L$10,MATCH(L13,E$2:E$10,0))=退所日,退所日,-1) -> -1 | T2: =IF(INDEX(M$2:M$10,MATCH(M13,F$2:F$10,0))=退所日,退所日,-1) -> -1 | V2: 12 | W2: =IFERROR(INDEX(【入力・帳票】ベッド表!D$83:D$111,MATCH(B2,【入力・帳票】ベッド表!$B$83:$B$111,0)),0) -> 0 | X2: =IFERROR(INDEX(【入力・帳票】ベッド表!E$83:E$111,MATCH(C2,【入力・帳票】ベッド表!$B$83:$B$111,0)),0) -> 0 | Y2: =IFERROR(INDEX(【入力・帳票】ベッド表!F$83:F$111,MATCH(D2,【入力・帳票】ベッド表!$B$83:$B$111,0)),0) -> 12 | Z2: =IFERROR(INDEX(【入力・帳票】ベッド表!G$83:G$111,MATCH(E2,【入力・帳票】ベッド表!$B$83:$B$111,0)),0) -> 0 | AA2: =IFERROR(INDEX(【入力・帳票】ベッド表!H$83:H$111,MATCH(F2,【入力・帳票】ベッド表!$B$83:$B$111,0)),0) -> 0 | AC2: =IF(V2=入所日,COUNTIF(V$2:V2,入所日)+100,-1) -> -1 | AD2: =IF(W2=入所日,COUNTIF(W$2:W2,入所日)+100,-1) -> -1 | AE2: =IF(X2=入所日,COUNTIF(X$2:X2,入所日)+100,-1) -> -1 | AF2: =IF(Y2=入所日,COUNTIF(Y$2:Y2,入所日)+100,-1) -> -1 | AG2: =IF(Z2=入所日,COUNTIF(Z$2:Z2,入所日)+100,-1) -> -1 | AH2: =IF(AA2=入所日,COUNTIF(AA$2:AA2,入所日)+100,-1) -> -1
A3: 池田 | B3: 伊昌 | C3: 伊昌 | D3: 池田 | E3: 佐々 | F3: 佐々 | H3: =IFERROR(INDEX(【入力・帳票】ベッド表!D$83:D$111,MATCH(A3,【入力・帳票】ベッド表!$B$83:$B$111,0)),0) -> 0 | I3: =IFERROR(INDEX(【入力・帳票】ベッド表!E$83:E$111,MATCH(B3,【入力・帳票】ベッド表!$B$83:$B$111,0)),0) -> 0 | J3: =IFERROR(INDEX(【入力・帳票】ベッド表!F$83:F$111,MATCH(C3,【入力・帳票】ベッド表!$B$83:$B$111,0)),0) -> 0 | K3: =IFERROR(INDEX(【入力・帳票】ベッド表!G$83:G$111,MATCH(D3,【入力・帳票】ベッド表!$B$83:$B$111,0)),0) -> 0 | L3: =IFERROR(INDEX(【入力・帳票】ベッド表!H$83:H$111,MATCH(E3,【入力・帳票】ベッド表!$B$83:$B$111,0)),0) -> 13 | M3: =IFERROR(INDEX(【入力・帳票】ベッド表!I$83:I$111,MATCH(F3,【入力・帳票】ベッド表!$B$83:$B$111,0)),0) -> 0 | O3: =IF(INDEX(H$2:H$10,MATCH(H14,A$2:A$10,0))=退所日,退所日,-1) -> -1 | P3: =IF(INDEX(I$2:I$10,MATCH(I14,B$2:B$10,0))=退所日,退所日,-1) -> -1 | Q3: =IF(INDEX(J$2:J$10,MATCH(J14,C$2:C$10,0))=退所日,退所日,-1) -> -1 | R3: =IF(INDEX(K$2:K$10,MATCH(K14,D$2:D$10,0))=退所日,退所日,-1) -> -1 | S3: =IF(INDEX(L$2:L$10,MATCH(L14,E$2:E$10,0))=退所日,退所日,-1) -> -1 | T3: =IF(INDEX(M$2:M$10,MATCH(M14,F$2:F$10,0))=退所日,退所日,-1) -> -1 | V3: 12 | W3: =IFERROR(INDEX(【入力・帳票】ベッド表!D$83:D$111,MATCH(B3,【入力・帳票】ベッド表!$B$83:$B$111,0)),0) -> 0 | X3: =IFERROR(INDEX(【入力・帳票】ベッド表!E$83:E$111,MATCH(C3,【入力・帳票】ベッド表!$B$83:$B$111,0)),0) -> 0 | Y3: =IFERROR(INDEX(【入力・帳票】ベッド表!F$83:F$111,MATCH(D3,【入力・帳票】ベッド表!$B$83:$B$111,0)),0) -> 0 | Z3: =IFERROR(INDEX(【入力・帳票】ベッド表!G$83:G$111,MATCH(E3,【入力・帳票】ベッド表!$B$83:$B$111,0)),0) -> 12 | AA3: =IFERROR(INDEX(【入力・帳票】ベッド表!H$83:H$111,MATCH(F3,【入力・帳票】ベッド表!$B$83:$B$111,0)),0) -> 13 | AC3: =IF(V3=入所日,COUNTIF(V$2:V3,入所日)+100,-1) -> -1 | AD3: =IF(W3=入所日,COUNTIF(W$2:W3,入所日)+100,-1) -> -1 | AE3: =IF(X3=入所日,COUNTIF(X$2:X3,入所日)+100,-1) -> -1 | AF3: =IF(Y3=入所日,COUNTIF(Y$2:Y3,入所日)+100,-1) -> -1 | AG3: =IF(Z3=入所日,COUNTIF(Z$2:Z3,入所日)+100,-1) -> -1 | AH3: =IF(AA3=入所日,COUNTIF(AA$2:AA3,入所日)+100,-1) -> -1
A4: 伊昌 | B4: 小宮 | C4: 小宮 | D4: 伊昌 | E4: 佐藤 | F4: 深澤 | H4: =IFERROR(INDEX(【入力・帳票】ベッド表!D$83:D$111,MATCH(A4,【入力・帳票】ベッド表!$B$83:$B$111,0)),0) -> 0 | I4: =IFERROR(INDEX(【入力・帳票】ベッド表!E$83:E$111,MATCH(B4,【入力・帳票】ベッド表!$B$83:$B$111,0)),0) -> 0 | J4: =IFERROR(INDEX(【入力・帳票】ベッド表!F$83:F$111,MATCH(C4,【入力・帳票】ベッド表!$B$83:$B$111,0)),0) -> 0 | K4: =IFERROR(INDEX(【入力・帳票】ベッド表!G$83:G$111,MATCH(D4,【入力・帳票】ベッド表!$B$83:$B$111,0)),0) -> 0 | L4: =IFERROR(INDEX(【入力・帳票】ベッド表!H$83:H$111,MATCH(E4,【入力・帳票】ベッド表!$B$83:$B$111,0)),0) -> 0 | M4: =IFERROR(INDEX(【入力・帳票】ベッド表!I$83:I$111,MATCH(F4,【入力・帳票】ベッド表!$B$83:$B$111,0)),0) -> 0 | O4: =IF(INDEX(H$2:H$10,MATCH(H15,A$2:A$10,0))=退所日,退所日,-1) -> -1 | P4: =IF(INDEX(I$2:I$10,MATCH(I15,B$2:B$10,0))=退所日,退所日,-1) -> -1 | Q4: =IF(INDEX(J$2:J$10,MATCH(J15,C$2:C$10,0))=退所日,退所日,-1) -> -1 | R4: =IF(INDEX(K$2:K$10,MATCH(K15,D$2:D$10,0))=退所日,退所日,-1) -> -1 | S4: =IF(INDEX(L$2:L$10,MATCH(L15,E$2:E$10,0))=退所日,退所日,-1) -> -1 | T4: =IF(INDEX(M$2:M$10,MATCH(M15,F$2:F$10,0))=退所日,退所日,-1) -> -1 | V4: 12 | W4: =IFERROR(INDEX(【入力・帳票】ベッド表!D$83:D$111,MATCH(B4,【入力・帳票】ベッド表!$B$83:$B$111,0)),0) -> 0 | X4: =IFERROR(INDEX(【入力・帳票】ベッド表!E$83:E$111,MATCH(C4,【入力・帳票】ベッド表!$B$83:$B$111,0)),0) -> 0 | Y4: =IFERROR(INDEX(【入力・帳票】ベッド表!F$83:F$111,MATCH(D4,【入力・帳票】ベッド表!$B$83:$B$111,0)),0) -> 0 | Z4: =IFERROR(INDEX(【入力・帳票】ベッド表!G$83:G$111,MATCH(E4,【入力・帳票】ベッド表!$B$83:$B$111,0)),0) -> 0 | AA4: =IFERROR(INDEX(【入力・帳票】ベッド表!H$83:H$111,MATCH(F4,【入力・帳票】ベッド表!$B$83:$B$111,0)),0) -> 0 | AC4: =IF(V4=入所日,COUNTIF(V$2:V4,入所日)+100,-1) -> -1 | AD4: =IF(W4=入所日,COUNTIF(W$2:W4,入所日)+100,-1) -> -1 | AE4: =IF(X4=入所日,COUNTIF(X$2:X4,入所日)+100,-1) -> -1 | AF4: =IF(Y4=入所日,COUNTIF(Y$2:Y4,入所日)+100,-1) -> -1 | AG4: =IF(Z4=入所日,COUNTIF(Z$2:Z4,入所日)+100,-1) -> -1 | AH4: =IF(AA4=入所日,COUNTIF(AA$2:AA4,入所日)+100,-1) -> -1
A5: 小宮 | B5: 丸山 | C5: 深澤 | D5: 佐々 | E5: 深澤 | F5: 山口 | H5: =IFERROR(INDEX(【入力・帳票】ベッド表!D$83:D$111,MATCH(A5,【入力・帳票】ベッド表!$B$83:$B$111,0)),0) -> 0 | I5: =IFERROR(INDEX(【入力・帳票】ベッド表!E$83:E$111,MATCH(B5,【入力・帳票】ベッド表!$B$83:$B$111,0)),0) -> 0 | J5: =IFERROR(INDEX(【入力・帳票】ベッド表!F$83:F$111,MATCH(C5,【入力・帳票】ベッド表!$B$83:$B$111,0)),0) -> 0 | K5: =IFERROR(INDEX(【入力・帳票】ベッド表!G$83:G$111,MATCH(D5,【入力・帳票】ベッド表!$B$83:$B$111,0)),0) -> 12 | L5: =IFERROR(INDEX(【入力・帳票】ベッド表!H$83:H$111,MATCH(E5,【入力・帳票】ベッド表!$B$83:$B$111,0)),0) -> 0 | M5: =IFERROR(INDEX(【入力・帳票】ベッド表!I$83:I$111,MATCH(F5,【入力・帳票】ベッド表!$B$83:$B$111,0)),0) -> 0 | O5: =IF(INDEX(H$2:H$10,MATCH(H16,A$2:A$10,0))=退所日,退所日,-1) -> -1 | P5: =IF(INDEX(I$2:I$10,MATCH(I16,B$2:B$10,0))=退所日,退所日,-1) -> -1 | Q5: =IF(INDEX(J$2:J$10,MATCH(J16,C$2:C$10,0))=退所日,退所日,-1) -> -1 | R5: =IF(INDEX(K$2:K$10,MATCH(K16,D$2:D$10,0))=退所日,退所日,-1) -> #N/A | S5: =IF(INDEX(L$2:L$10,MATCH(L16,E$2:E$10,0))=退所日,退所日,-1) -> -1 | T5: =IF(INDEX(M$2:M$10,MATCH(M16,F$2:F$10,0))=退所日,退所日,-1) -> -1 | V5: 12 | W5: =IFERROR(INDEX(【入力・帳票】ベッド表!D$83:D$111,MATCH(B5,【入力・帳票】ベッド表!$B$83:$B$111,0)),0) -> 0 | X5: =IFERROR(INDEX(【入力・帳票】ベッド表!E$83:E$111,MATCH(C5,【入力・帳票】ベッド表!$B$83:$B$111,0)),0) -> 0 | Y5: =IFERROR(INDEX(【入力・帳票】ベッド表!F$83:F$111,MATCH(D5,【入力・帳票】ベッド表!$B$83:$B$111,0)),0) -> 12 | Z5: =IFERROR(INDEX(【入力・帳票】ベッド表!G$83:G$111,MATCH(E5,【入力・帳票】ベッド表!$B$83:$B$111,0)),0) -> 0 | AA5: =IFERROR(INDEX(【入力・帳票】ベッド表!H$83:H$111,MATCH(F5,【入力・帳票】ベッド表!$B$83:$B$111,0)),0) -> 0 | AC5: =IF(V5=入所日,COUNTIF(V$2:V5,入所日)+100,-1) -> -1 | AD5: =IF(W5=入所日,COUNTIF(W$2:W5,入所日)+100,-1) -> -1 | AE5: =IF(X5=入所日,COUNTIF(X$2:X5,入所日)+100,-1) -> -1 | AF5: =IF(Y5=入所日,COUNTIF(Y$2:Y5,入所日)+100,-1) -> -1 | AG5: =IF(Z5=入所日,COUNTIF(Z$2:Z5,入所日)+100,-1) -> -1 | AH5: =IF(AA5=入所日,COUNTIF(AA$2:AA5,入所日)+100,-1) -> -1
A6: 丸山 | B6: 大１ | C6: 丸山 | D6: 佐藤 | E6: 山口 | F6: 大３ | H6: =IFERROR(INDEX(【入力・帳票】ベッド表!D$83:D$111,MATCH(A6,【入力・帳票】ベッド表!$B$83:$B$111,0)),0) -> 0 | I6: =IFERROR(INDEX(【入力・帳票】ベッド表!E$83:E$111,MATCH(B6,【入力・帳票】ベッド表!$B$83:$B$111,0)),0) -> 0 | J6: =IFERROR(INDEX(【入力・帳票】ベッド表!F$83:F$111,MATCH(C6,【入力・帳票】ベッド表!$B$83:$B$111,0)),0) -> 0 | K6: =IFERROR(INDEX(【入力・帳票】ベッド表!G$83:G$111,MATCH(D6,【入力・帳票】ベッド表!$B$83:$B$111,0)),0) -> 0 | L6: =IFERROR(INDEX(【入力・帳票】ベッド表!H$83:H$111,MATCH(E6,【入力・帳票】ベッド表!$B$83:$B$111,0)),0) -> 0 | M6: =IFERROR(INDEX(【入力・帳票】ベッド表!I$83:I$111,MATCH(F6,【入力・帳票】ベッド表!$B$83:$B$111,0)),0) -> 0 | O6: =IF(INDEX(H$2:H$10,MATCH(H17,A$2:A$10,0))=退所日,退所日,-1) -> -1 | P6: =IF(INDEX(I$2:I$10,MATCH(I17,B$2:B$10,0))=退所日,退所日,-1) -> -1 | Q6: =IF(INDEX(J$2:J$10,MATCH(J17,C$2:C$10,0))=退所日,退所日,-1) -> -1 | R6: =IF(INDEX(K$2:K$10,MATCH(K17,D$2:D$10,0))=退所日,退所日,-1) -> #N/A | S6: =IF(INDEX(L$2:L$10,MATCH(L17,E$2:E$10,0))=退所日,退所日,-1) -> -1 | T6: =IF(INDEX(M$2:M$10,MATCH(M17,F$2:F$10,0))=退所日,退所日,-1) -> -1 | V6: 12 | W6: =IFERROR(INDEX(【入力・帳票】ベッド表!D$83:D$111,MATCH(B6,【入力・帳票】ベッド表!$B$83:$B$111,0)),0) -> 0 | X6: =IFERROR(INDEX(【入力・帳票】ベッド表!E$83:E$111,MATCH(C6,【入力・帳票】ベッド表!$B$83:$B$111,0)),0) -> 0 | Y6: =IFERROR(INDEX(【入力・帳票】ベッド表!F$83:F$111,MATCH(D6,【入力・帳票】ベッド表!$B$83:$B$111,0)),0) -> 0 | Z6: =IFERROR(INDEX(【入力・帳票】ベッド表!G$83:G$111,MATCH(E6,【入力・帳票】ベッド表!$B$83:$B$111,0)),0) -> 0 | AA6: =IFERROR(INDEX(【入力・帳票】ベッド表!H$83:H$111,MATCH(F6,【入力・帳票】ベッド表!$B$83:$B$111,0)),0) -> 0 | AC6: =IF(V6=入所日,COUNTIF(V$2:V6,入所日)+100,-1) -> -1 | AD6: =IF(W6=入所日,COUNTIF(W$2:W6,入所日)+100,-1) -> -1 | AE6: =IF(X6=入所日,COUNTIF(X$2:X6,入所日)+100,-1) -> -1 | AF6: =IF(Y6=入所日,COUNTIF(Y$2:Y6,入所日)+100,-1) -> -1 | AG6: =IF(Z6=入所日,COUNTIF(Z$2:Z6,入所日)+100,-1) -> -1 | AH6: =IF(AA6=入所日,COUNTIF(AA$2:AA6,入所日)+100,-1) -> -1
C7: 大１ | D7: 深澤 | E7: 大２ | F7: 大４ | H7: =IFERROR(INDEX(【入力・帳票】ベッド表!D$83:D$111,MATCH(A7,【入力・帳票】ベッド表!$B$83:$B$111,0)),0) -> 0 | I7: =IFERROR(INDEX(【入力・帳票】ベッド表!E$83:E$111,MATCH(B7,【入力・帳票】ベッド表!$B$83:$B$111,0)),0) -> 0 | J7: =IFERROR(INDEX(【入力・帳票】ベッド表!F$83:F$111,MATCH(C7,【入力・帳票】ベッド表!$B$83:$B$111,0)),0) -> 0 | K7: =IFERROR(INDEX(【入力・帳票】ベッド表!G$83:G$111,MATCH(D7,【入力・帳票】ベッド表!$B$83:$B$111,0)),0) -> 0 | L7: =IFERROR(INDEX(【入力・帳票】ベッド表!H$83:H$111,MATCH(E7,【入力・帳票】ベッド表!$B$83:$B$111,0)),0) -> 0 | M7: =IFERROR(INDEX(【入力・帳票】ベッド表!I$83:I$111,MATCH(F7,【入力・帳票】ベッド表!$B$83:$B$111,0)),0) -> 0 | O7: =IF(INDEX(H$2:H$10,MATCH(H18,A$2:A$10,0))=退所日,退所日,-1) -> -1 | P7: =IF(INDEX(I$2:I$10,MATCH(I18,B$2:B$10,0))=退所日,退所日,-1) -> -1 | Q7: =IF(INDEX(J$2:J$10,MATCH(J18,C$2:C$10,0))=退所日,退所日,-1) -> -1 | R7: =IF(INDEX(K$2:K$10,MATCH(K18,D$2:D$10,0))=退所日,退所日,-1) -> #N/A | S7: =IF(INDEX(L$2:L$10,MATCH(L18,E$2:E$10,0))=退所日,退所日,-1) -> -1 | T7: =IF(INDEX(M$2:M$10,MATCH(M18,F$2:F$10,0))=退所日,退所日,-1) -> -1 | V7: 0 | W7: =IFERROR(INDEX(【入力・帳票】ベッド表!D$83:D$111,MATCH(B7,【入力・帳票】ベッド表!$B$83:$B$111,0)),0) -> 0 | X7: =IFERROR(INDEX(【入力・帳票】ベッド表!E$83:E$111,MATCH(C7,【入力・帳票】ベッド表!$B$83:$B$111,0)),0) -> 0 | Y7: =IFERROR(INDEX(【入力・帳票】ベッド表!F$83:F$111,MATCH(D7,【入力・帳票】ベッド表!$B$83:$B$111,0)),0) -> 0 | Z7: =IFERROR(INDEX(【入力・帳票】ベッド表!G$83:G$111,MATCH(E7,【入力・帳票】ベッド表!$B$83:$B$111,0)),0) -> 0 | AA7: =IFERROR(INDEX(【入力・帳票】ベッド表!H$83:H$111,MATCH(F7,【入力・帳票】ベッド表!$B$83:$B$111,0)),0) -> 0 | AC7: =IF(V7=入所日,COUNTIF(V$2:V7,入所日)+100,-1) -> -1 | AD7: =IF(W7=入所日,COUNTIF(W$2:W7,入所日)+100,-1) -> -1 | AE7: =IF(X7=入所日,COUNTIF(X$2:X7,入所日)+100,-1) -> -1 | AF7: =IF(Y7=入所日,COUNTIF(Y$2:Y7,入所日)+100,-1) -> -1 | AG7: =IF(Z7=入所日,COUNTIF(Z$2:Z7,入所日)+100,-1) -> -1 | AH7: =IF(AA7=入所日,COUNTIF(AA$2:AA7,入所日)+100,-1) -> -1
C8: 大２ | D8: 山口 | E8: 大３ | F8: 大５ | H8: =IFERROR(INDEX(【入力・帳票】ベッド表!D$83:D$111,MATCH(A8,【入力・帳票】ベッド表!$B$83:$B$111,0)),0) -> 0 | I8: =IFERROR(INDEX(【入力・帳票】ベッド表!E$83:E$111,MATCH(B8,【入力・帳票】ベッド表!$B$83:$B$111,0)),0) -> 0 | J8: =IFERROR(INDEX(【入力・帳票】ベッド表!F$83:F$111,MATCH(C8,【入力・帳票】ベッド表!$B$83:$B$111,0)),0) -> 0 | K8: =IFERROR(INDEX(【入力・帳票】ベッド表!G$83:G$111,MATCH(D8,【入力・帳票】ベッド表!$B$83:$B$111,0)),0) -> 0 | L8: =IFERROR(INDEX(【入力・帳票】ベッド表!H$83:H$111,MATCH(E8,【入力・帳票】ベッド表!$B$83:$B$111,0)),0) -> 0 | M8: =IFERROR(INDEX(【入力・帳票】ベッド表!I$83:I$111,MATCH(F8,【入力・帳票】ベッド表!$B$83:$B$111,0)),0) -> 0 | O8: =IF(INDEX(H$2:H$10,MATCH(H19,A$2:A$10,0))=退所日,退所日,-1) -> -1 | P8: =IF(INDEX(I$2:I$10,MATCH(I19,B$2:B$10,0))=退所日,退所日,-1) -> -1 | Q8: =IF(INDEX(J$2:J$10,MATCH(J19,C$2:C$10,0))=退所日,退所日,-1) -> -1 | R8: =IF(INDEX(K$2:K$10,MATCH(K19,D$2:D$10,0))=退所日,退所日,-1) -> #N/A | S8: =IF(INDEX(L$2:L$10,MATCH(L19,E$2:E$10,0))=退所日,退所日,-1) -> -1 | T8: =IF(INDEX(M$2:M$10,MATCH(M19,F$2:F$10,0))=退所日,退所日,-1) -> -1 | V8: 0 | W8: =IFERROR(INDEX(【入力・帳票】ベッド表!D$83:D$111,MATCH(B8,【入力・帳票】ベッド表!$B$83:$B$111,0)),0) -> 0 | X8: =IFERROR(INDEX(【入力・帳票】ベッド表!E$83:E$111,MATCH(C8,【入力・帳票】ベッド表!$B$83:$B$111,0)),0) -> 0 | Y8: =IFERROR(INDEX(【入力・帳票】ベッド表!F$83:F$111,MATCH(D8,【入力・帳票】ベッド表!$B$83:$B$111,0)),0) -> 0 | Z8: =IFERROR(INDEX(【入力・帳票】ベッド表!G$83:G$111,MATCH(E8,【入力・帳票】ベッド表!$B$83:$B$111,0)),0) -> 0 | AA8: =IFERROR(INDEX(【入力・帳票】ベッド表!H$83:H$111,MATCH(F8,【入力・帳票】ベッド表!$B$83:$B$111,0)),0) -> 0 | AC8: =IF(V8=入所日,COUNTIF(V$2:V8,入所日)+100,-1) -> -1 | AD8: =IF(W8=入所日,COUNTIF(W$2:W8,入所日)+100,-1) -> -1 | AE8: =IF(X8=入所日,COUNTIF(X$2:X8,入所日)+100,-1) -> -1 | AF8: =IF(Y8=入所日,COUNTIF(Y$2:Y8,入所日)+100,-1) -> -1 | AG8: =IF(Z8=入所日,COUNTIF(Z$2:Z8,入所日)+100,-1) -> -1 | AH8: =IF(AA8=入所日,COUNTIF(AA$2:AA8,入所日)+100,-1) -> -1
D9: 大１ | E9: 大４ | H9: =IFERROR(INDEX(【入力・帳票】ベッド表!D$83:D$111,MATCH(A9,【入力・帳票】ベッド表!$B$83:$B$111,0)),0) -> 0 | I9: =IFERROR(INDEX(【入力・帳票】ベッド表!E$83:E$111,MATCH(B9,【入力・帳票】ベッド表!$B$83:$B$111,0)),0) -> 0 | J9: =IFERROR(INDEX(【入力・帳票】ベッド表!F$83:F$111,MATCH(C9,【入力・帳票】ベッド表!$B$83:$B$111,0)),0) -> 0 | K9: =IFERROR(INDEX(【入力・帳票】ベッド表!G$83:G$111,MATCH(D9,【入力・帳票】ベッド表!$B$83:$B$111,0)),0) -> 0 | L9: =IFERROR(INDEX(【入力・帳票】ベッド表!H$83:H$111,MATCH(E9,【入力・帳票】ベッド表!$B$83:$B$111,0)),0) -> 0 | M9: =IFERROR(INDEX(【入力・帳票】ベッド表!I$83:I$111,MATCH(F9,【入力・帳票】ベッド表!$B$83:$B$111,0)),0) -> 0 | O9: =IF(INDEX(H$2:H$10,MATCH(H20,A$2:A$10,0))=退所日,退所日,-1) -> -1 | P9: =IF(INDEX(I$2:I$10,MATCH(I20,B$2:B$10,0))=退所日,退所日,-1) -> -1 | Q9: =IF(INDEX(J$2:J$10,MATCH(J20,C$2:C$10,0))=退所日,退所日,-1) -> -1 | R9: =IF(INDEX(K$2:K$10,MATCH(K20,D$2:D$10,0))=退所日,退所日,-1) -> #N/A | S9: =IF(INDEX(L$2:L$10,MATCH(L20,E$2:E$10,0))=退所日,退所日,-1) -> -1 | T9: =IF(INDEX(M$2:M$10,MATCH(M20,F$2:F$10,0))=退所日,退所日,-1) -> -1 | V9: 0 | W9: =IFERROR(INDEX(【入力・帳票】ベッド表!D$83:D$111,MATCH(B9,【入力・帳票】ベッド表!$B$83:$B$111,0)),0) -> 0 | X9: =IFERROR(INDEX(【入力・帳票】ベッド表!E$83:E$111,MATCH(C9,【入力・帳票】ベッド表!$B$83:$B$111,0)),0) -> 0 | Y9: =IFERROR(INDEX(【入力・帳票】ベッド表!F$83:F$111,MATCH(D9,【入力・帳票】ベッド表!$B$83:$B$111,0)),0) -> 0 | Z9: =IFERROR(INDEX(【入力・帳票】ベッド表!G$83:G$111,MATCH(E9,【入力・帳票】ベッド表!$B$83:$B$111,0)),0) -> 0 | AA9: =IFERROR(INDEX(【入力・帳票】ベッド表!H$83:H$111,MATCH(F9,【入力・帳票】ベッド表!$B$83:$B$111,0)),0) -> 0 | AC9: =IF(V9=入所日,COUNTIF(V$2:V9,入所日)+100,-1) -> -1 | AD9: =IF(W9=入所日,COUNTIF(W$2:W9,入所日)+100,-1) -> -1 | AE9: =IF(X9=入所日,COUNTIF(X$2:X9,入所日)+100,-1) -> -1 | AF9: =IF(Y9=入所日,COUNTIF(Y$2:Y9,入所日)+100,-1) -> -1 | AG9: =IF(Z9=入所日,COUNTIF(Z$2:Z9,入所日)+100,-1) -> -1 | AH9: =IF(AA9=入所日,COUNTIF(AA$2:AA9,入所日)+100,-1) -> -1
D10: 大２ | H10: =IFERROR(INDEX(【入力・帳票】ベッド表!D$83:D$111,MATCH(A10,【入力・帳票】ベッド表!$B$83:$B$111,0)),0) -> 0 | I10: =IFERROR(INDEX(【入力・帳票】ベッド表!E$83:E$111,MATCH(B10,【入力・帳票】ベッド表!$B$83:$B$111,0)),0) -> 0 | J10: =IFERROR(INDEX(【入力・帳票】ベッド表!F$83:F$111,MATCH(C10,【入力・帳票】ベッド表!$B$83:$B$111,0)),0) -> 0 | K10: =IFERROR(INDEX(【入力・帳票】ベッド表!G$83:G$111,MATCH(D10,【入力・帳票】ベッド表!$B$83:$B$111,0)),0) -> 0 | L10: =IFERROR(INDEX(【入力・帳票】ベッド表!H$83:H$111,MATCH(E10,【入力・帳票】ベッド表!$B$83:$B$111,0)),0) -> 0 | M10: =IFERROR(INDEX(【入力・帳票】ベッド表!I$83:I$111,MATCH(F10,【入力・帳票】ベッド表!$B$83:$B$111,0)),0) -> 0 | O10: =IF(INDEX(H$2:H$10,MATCH(H21,A$2:A$10,0))=退所日,退所日,-1) -> -1 | P10: =IF(INDEX(I$2:I$10,MATCH(I21,B$2:B$10,0))=退所日,退所日,-1) -> -1 | Q10: =IF(INDEX(J$2:J$10,MATCH(J21,C$2:C$10,0))=退所日,退所日,-1) -> -1 | R10: =IF(INDEX(K$2:K$10,MATCH(K21,D$2:D$10,0))=退所日,退所日,-1) -> #N/A | S10: =IF(INDEX(L$2:L$10,MATCH(L21,E$2:E$10,0))=退所日,退所日,-1) -> -1 | T10: =IF(INDEX(M$2:M$10,MATCH(M21,F$2:F$10,0))=退所日,退所日,-1) -> -1 | V10: 0 | W10: =IFERROR(INDEX(【入力・帳票】ベッド表!D$83:D$111,MATCH(B10,【入力・帳票】ベッド表!$B$83:$B$111,0)),0) -> 0 | X10: =IFERROR(INDEX(【入力・帳票】ベッド表!E$83:E$111,MATCH(C10,【入力・帳票】ベッド表!$B$83:$B$111,0)),0) -> 0 | Y10: =IFERROR(INDEX(【入力・帳票】ベッド表!F$83:F$111,MATCH(D10,【入力・帳票】ベッド表!$B$83:$B$111,0)),0) -> 0 | Z10: =IFERROR(INDEX(【入力・帳票】ベッド表!G$83:G$111,MATCH(E10,【入力・帳票】ベッド表!$B$83:$B$111,0)),0) -> 0 | AA10: =IFERROR(INDEX(【入力・帳票】ベッド表!H$83:H$111,MATCH(F10,【入力・帳票】ベッド表!$B$83:$B$111,0)),0) -> 0 | AC10: =IF(V10=入所日,COUNTIF(V$2:V10,入所日)+100,-1) -> -1 | AD10: =IF(W10=入所日,COUNTIF(W$2:W10,入所日)+100,-1) -> -1 | AE10: =IF(X10=入所日,COUNTIF(X$2:X10,入所日)+100,-1) -> -1 | AF10: =IF(Y10=入所日,COUNTIF(Y$2:Y10,入所日)+100,-1) -> -1 | AG10: =IF(Z10=入所日,COUNTIF(Z$2:Z10,入所日)+100,-1) -> -1 | AH10: =IF(AA10=入所日,COUNTIF(AA$2:AA10,入所日)+100,-1) -> -1
B11: 1 | C11: 2 | D11: 3 | E11: 4 | F11: 5 | I11: 1 | J11: 2 | K11: 3 | L11: 4 | M11: 5 | P11: 1 | Q11: 2 | R11: 3 | S11: 4 | T11: 5 | V11: 0 | W11: 1 | X11: 2 | Y11: 3 | Z11: 4 | AA11: 5 | AC11: 0 | AD11: 1 | AE11: 2 | AF11: 3 | AG11: 4 | AH11: 5
O12: 全居室割り当て | V12: 入所日居室割り当て | AC12: 居室採番用作業（入・１と退・０行目を比較）
G13: 1 | H13: =IFERROR(INDEX(A$2:A$10,MATCH($G13,O$13:O$21,0)),"") -> 安藤 | I13: =IFERROR(INDEX(B$2:B$10,MATCH($G13,P$13:P$21,0)),"") | J13: =IFERROR(INDEX(C$2:C$10,MATCH($G13,Q$13:Q$21,0)),"") | K13: =IFERROR(INDEX(D$2:D$10,MATCH($G13,R$13:R$21,0)),"") | L13: =IFERROR(INDEX(E$2:E$10,MATCH($G13,S$13:S$21,0)),"") | M13: =IFERROR(INDEX(F$2:F$10,MATCH($G13,T$13:T$21,0)),"") | O13: 1 | P13: =IF(B2="",0,IFERROR(INDEX(O$13:O$21,MATCH(B2,A$2:A$10,0)),W13)) -> 2 | Q13: =IF(C2="",0,IFERROR(INDEX(P$13:P$21,MATCH(C2,B$2:B$10,0)),X13)) -> 2 | R13: =IF(D2="",0,IFERROR(INDEX(Q$13:Q$21,MATCH(D2,C$2:C$10,0)),Y13)) -> -1 | S13: =IF(E2="",0,IFERROR(INDEX(R$13:R$21,MATCH(E2,D$2:D$10,0)),Z13)) -> 2 | T13: =IF(F2="",0,IFERROR(INDEX(S$13:S$21,MATCH(F2,E$2:E$10,0)),AA13)) -> -1 | W13: =IF(AD2>0,MATCH(AD2,H$25:H$33,0),AD2) -> -1 | X13: =IF(AE2>0,MATCH(AE2,I$25:I$33,0),AE2) -> -1 | Y13: =IF(AF2>0,MATCH(AF2,J$25:J$33,0),AF2) -> -1 | Z13: =IF(AG2>0,MATCH(AG2,K$25:K$33,0),AG2) -> -1 | AA13: =IF(AH2>0,MATCH(AH2,L$25:L$33,0),AH2) -> -1 | AD13: =IF(AD2>0,IFERROR(INDEX(O$13:O$21,MATCH(AD2,O$2:O$10,0))+10,1),0) -> 0 | AE13: =IF(AE2>0,IFERROR(INDEX(P$13:P$21,MATCH(AE2,P$2:P$10,0))+10,1),0) -> 0 | AF13: =IF(AF2>0,IFERROR(INDEX(Q$13:Q$21,MATCH(AF2,Q$2:Q$10,0))+10,1),0) -> 0 | AG13: =IF(AG2>0,IFERROR(INDEX(R$13:R$21,MATCH(AG2,R$2:R$10,0))+10,1),0) -> 0 | AH13: =IF(AH2>0,IFERROR(INDEX(S$13:S$21,MATCH(AH2,S$2:S$10,0))+10,1),0) -> 0
G14: 2 | H14: =IFERROR(INDEX(A$2:A$10,MATCH($G14,O$13:O$21,0)),"") -> 池田 | I14: =IFERROR(INDEX(B$2:B$10,MATCH($G14,P$13:P$21,0)),"") -> 池田 | J14: =IFERROR(INDEX(C$2:C$10,MATCH($G14,Q$13:Q$21,0)),"") -> 池田 | K14: =IFERROR(INDEX(D$2:D$10,MATCH($G14,R$13:R$21,0)),"") -> 池田 | L14: =IFERROR(INDEX(E$2:E$10,MATCH($G14,S$13:S$21,0)),"") -> 池田 | M14: =IFERROR(INDEX(F$2:F$10,MATCH($G14,T$13:T$21,0)),"") | O14: 2 | P14: =IF(B3="",0,IFERROR(INDEX(O$13:O$21,MATCH(B3,A$2:A$10,0)),W14)) -> 3 | Q14: =IF(C3="",0,IFERROR(INDEX(P$13:P$21,MATCH(C3,B$2:B$10,0)),X14)) -> 3 | R14: =IF(D3="",0,IFERROR(INDEX(Q$13:Q$21,MATCH(D3,C$2:C$10,0)),Y14)) -> 2 | S14: =IF(E3="",0,IFERROR(INDEX(R$13:R$21,MATCH(E3,D$2:D$10,0)),Z14)) -> -1 | T14: =IF(F3="",0,IFERROR(INDEX(S$13:S$21,MATCH(F3,E$2:E$10,0)),AA14)) -> -1 | W14: =IF(AD3>0,MATCH(AD3,H$25:H$33,0),AD3) -> -1 | X14: =IF(AE3>0,MATCH(AE3,I$25:I$33,0),AE3) -> -1 | Y14: =IF(AF3>0,MATCH(AF3,J$25:J$33,0),AF3) -> -1 | Z14: =IF(AG3>0,MATCH(AG3,K$25:K$33,0),AG3) -> -1 | AA14: =IF(AH3>0,MATCH(AH3,L$25:L$33,0),AH3) -> -1 | AD14: =IF(AD3>0,IFERROR(INDEX(O$13:O$21,MATCH(AD3,O$2:O$10,0))+10,1),0) -> 0 | AE14: =IF(AE3>0,IFERROR(INDEX(P$13:P$21,MATCH(AE3,P$2:P$10,0))+10,1),0) -> 0 | AF14: =IF(AF3>0,IFERROR(INDEX(Q$13:Q$21,MATCH(AF3,Q$2:Q$10,0))+10,1),0) -> 0 | AG14: =IF(AG3>0,IFERROR(INDEX(R$13:R$21,MATCH(AG3,R$2:R$10,0))+10,1),0) -> 0 | AH14: =IF(AH3>0,IFERROR(INDEX(S$13:S$21,MATCH(AH3,S$2:S$10,0))+10,1),0) -> 0
G15: 3 | H15: =IFERROR(INDEX(A$2:A$10,MATCH($G15,O$13:O$21,0)),"") -> 伊昌 | I15: =IFERROR(INDEX(B$2:B$10,MATCH($G15,P$13:P$21,0)),"") -> 伊昌 | J15: =IFERROR(INDEX(C$2:C$10,MATCH($G15,Q$13:Q$21,0)),"") -> 伊昌 | K15: =IFERROR(INDEX(D$2:D$10,MATCH($G15,R$13:R$21,0)),"") -> 伊昌 | L15: =IFERROR(INDEX(E$2:E$10,MATCH($G15,S$13:S$21,0)),"") | M15: =IFERROR(INDEX(F$2:F$10,MATCH($G15,T$13:T$21,0)),"") | O15: 3 | P15: =IF(B4="",0,IFERROR(INDEX(O$13:O$21,MATCH(B4,A$2:A$10,0)),W15)) -> 4 | Q15: =IF(C4="",0,IFERROR(INDEX(P$13:P$21,MATCH(C4,B$2:B$10,0)),X15)) -> 4 | R15: =IF(D4="",0,IFERROR(INDEX(Q$13:Q$21,MATCH(D4,C$2:C$10,0)),Y15)) -> 3 | S15: =IF(E4="",0,IFERROR(INDEX(R$13:R$21,MATCH(E4,D$2:D$10,0)),Z15)) -> -1 | T15: =IF(F4="",0,IFERROR(INDEX(S$13:S$21,MATCH(F4,E$2:E$10,0)),AA15)) -> -1 | W15: =IF(AD4>0,MATCH(AD4,H$25:H$33,0),AD4) -> -1 | X15: =IF(AE4>0,MATCH(AE4,I$25:I$33,0),AE4) -> -1 | Y15: =IF(AF4>0,MATCH(AF4,J$25:J$33,0),AF4) -> -1 | Z15: =IF(AG4>0,MATCH(AG4,K$25:K$33,0),AG4) -> -1 | AA15: =IF(AH4>0,MATCH(AH4,L$25:L$33,0),AH4) -> -1 | AD15: =IF(AD4>0,IFERROR(INDEX(O$13:O$21,MATCH(AD4,O$2:O$10,0))+10,1),0) -> 0 | AE15: =IF(AE4>0,IFERROR(INDEX(P$13:P$21,MATCH(AE4,P$2:P$10,0))+10,1),0) -> 0 | AF15: =IF(AF4>0,IFERROR(INDEX(Q$13:Q$21,MATCH(AF4,Q$2:Q$10,0))+10,1),0) -> 0 | AG15: =IF(AG4>0,IFERROR(INDEX(R$13:R$21,MATCH(AG4,R$2:R$10,0))+10,1),0) -> 0 | AH15: =IF(AH4>0,IFERROR(INDEX(S$13:S$21,MATCH(AH4,S$2:S$10,0))+10,1),0) -> 0
G16: 4 | H16: =IFERROR(INDEX(A$2:A$10,MATCH($G16,O$13:O$21,0)),"") -> 小宮 | I16: =IFERROR(INDEX(B$2:B$10,MATCH($G16,P$13:P$21,0)),"") -> 小宮 | J16: =IFERROR(INDEX(C$2:C$10,MATCH($G16,Q$13:Q$21,0)),"") -> 小宮 | K16: =IFERROR(INDEX(D$2:D$10,MATCH($G16,R$13:R$21,0)),"") | L16: =IFERROR(INDEX(E$2:E$10,MATCH($G16,S$13:S$21,0)),"") | M16: =IFERROR(INDEX(F$2:F$10,MATCH($G16,T$13:T$21,0)),"") | O16: 4 | P16: =IF(B5="",0,IFERROR(INDEX(O$13:O$21,MATCH(B5,A$2:A$10,0)),W16)) -> 5 | Q16: =IF(C5="",0,IFERROR(INDEX(P$13:P$21,MATCH(C5,B$2:B$10,0)),X16)) -> -1 | R16: =IF(D5="",0,IFERROR(INDEX(Q$13:Q$21,MATCH(D5,C$2:C$10,0)),Y16)) -> -1 | S16: =IF(E5="",0,IFERROR(INDEX(R$13:R$21,MATCH(E5,D$2:D$10,0)),Z16)) -> -1 | T16: =IF(F5="",0,IFERROR(INDEX(S$13:S$21,MATCH(F5,E$2:E$10,0)),AA16)) -> -1 | W16: =IF(AD5>0,MATCH(AD5,H$25:H$33,0),AD5) -> -1 | X16: =IF(AE5>0,MATCH(AE5,I$25:I$33,0),AE5) -> -1 | Y16: =IF(AF5>0,MATCH(AF5,J$25:J$33,0),AF5) -> -1 | Z16: =IF(AG5>0,MATCH(AG5,K$25:K$33,0),AG5) -> -1 | AA16: =IF(AH5>0,MATCH(AH5,L$25:L$33,0),AH5) -> -1 | AD16: =IF(AD5>0,IFERROR(INDEX(O$13:O$21,MATCH(AD5,O$2:O$10,0))+10,1),0) -> 0 | AE16: =IF(AE5>0,IFERROR(INDEX(P$13:P$21,MATCH(AE5,P$2:P$10,0))+10,1),0) -> 0 | AF16: =IF(AF5>0,IFERROR(INDEX(Q$13:Q$21,MATCH(AF5,Q$2:Q$10,0))+10,1),0) -> 0 | AG16: =IF(AG5>0,IFERROR(INDEX(R$13:R$21,MATCH(AG5,R$2:R$10,0))+10,1),0) -> 0 | AH16: =IF(AH5>0,IFERROR(INDEX(S$13:S$21,MATCH(AH5,S$2:S$10,0))+10,1),0) -> 0
G17: 5 | H17: =IFERROR(INDEX(A$2:A$10,MATCH($G17,O$13:O$21,0)),"") -> 丸山 | I17: =IFERROR(INDEX(B$2:B$10,MATCH($G17,P$13:P$21,0)),"") -> 丸山 | J17: =IFERROR(INDEX(C$2:C$10,MATCH($G17,Q$13:Q$21,0)),"") -> 丸山 | K17: =IFERROR(INDEX(D$2:D$10,MATCH($G17,R$13:R$21,0)),"") | L17: =IFERROR(INDEX(E$2:E$10,MATCH($G17,S$13:S$21,0)),"") | M17: =IFERROR(INDEX(F$2:F$10,MATCH($G17,T$13:T$21,0)),"") | O17: 5 | P17: =IF(B6="",0,IFERROR(INDEX(O$13:O$21,MATCH(B6,A$2:A$10,0)),W17)) -> -1 | Q17: =IF(C6="",0,IFERROR(INDEX(P$13:P$21,MATCH(C6,B$2:B$10,0)),X17)) -> 5 | R17: =IF(D6="",0,IFERROR(INDEX(Q$13:Q$21,MATCH(D6,C$2:C$10,0)),Y17)) -> -1 | S17: =IF(E6="",0,IFERROR(INDEX(R$13:R$21,MATCH(E6,D$2:D$10,0)),Z17)) -> -1 | T17: =IF(F6="",0,IFERROR(INDEX(S$13:S$21,MATCH(F6,E$2:E$10,0)),AA17)) -> -1 | W17: =IF(AD6>0,MATCH(AD6,H$25:H$33,0),AD6) -> -1 | X17: =IF(AE6>0,MATCH(AE6,I$25:I$33,0),AE6) -> -1 | Y17: =IF(AF6>0,MATCH(AF6,J$25:J$33,0),AF6) -> -1 | Z17: =IF(AG6>0,MATCH(AG6,K$25:K$33,0),AG6) -> -1 | AA17: =IF(AH6>0,MATCH(AH6,L$25:L$33,0),AH6) -> -1 | AD17: =IF(AD6>0,IFERROR(INDEX(O$13:O$21,MATCH(AD6,O$2:O$10,0))+10,1),0) -> 0 | AE17: =IF(AE6>0,IFERROR(INDEX(P$13:P$21,MATCH(AE6,P$2:P$10,0))+10,1),0) -> 0 | AF17: =IF(AF6>0,IFERROR(INDEX(Q$13:Q$21,MATCH(AF6,Q$2:Q$10,0))+10,1),0) -> 0 | AG17: =IF(AG6>0,IFERROR(INDEX(R$13:R$21,MATCH(AG6,R$2:R$10,0))+10,1),0) -> 0 | AH17: =IF(AH6>0,IFERROR(INDEX(S$13:S$21,MATCH(AH6,S$2:S$10,0))+10,1),0) -> 0
G18: 6 | H18: =IFERROR(INDEX(A$2:A$10,MATCH($G18,O$13:O$21,0)),"") | I18: =IFERROR(INDEX(B$2:B$10,MATCH($G18,P$13:P$21,0)),"") | J18: =IFERROR(INDEX(C$2:C$10,MATCH($G18,Q$13:Q$21,0)),"") | K18: =IFERROR(INDEX(D$2:D$10,MATCH($G18,R$13:R$21,0)),"") | L18: =IFERROR(INDEX(E$2:E$10,MATCH($G18,S$13:S$21,0)),"") | M18: =IFERROR(INDEX(F$2:F$10,MATCH($G18,T$13:T$21,0)),"") | O18: 0 | P18: =IF(B7="",0,IFERROR(INDEX(O$13:O$21,MATCH(B7,A$2:A$10,0)),W18)) -> 0 | Q18: =IF(C7="",0,IFERROR(INDEX(P$13:P$21,MATCH(C7,B$2:B$10,0)),X18)) -> -1 | R18: =IF(D7="",0,IFERROR(INDEX(Q$13:Q$21,MATCH(D7,C$2:C$10,0)),Y18)) -> -1 | S18: =IF(E7="",0,IFERROR(INDEX(R$13:R$21,MATCH(E7,D$2:D$10,0)),Z18)) -> -1 | T18: =IF(F7="",0,IFERROR(INDEX(S$13:S$21,MATCH(F7,E$2:E$10,0)),AA18)) -> -1 | W18: =IF(AD7>0,MATCH(AD7,H$25:H$33,0),AD7) -> -1 | X18: =IF(AE7>0,MATCH(AE7,I$25:I$33,0),AE7) -> -1 | Y18: =IF(AF7>0,MATCH(AF7,J$25:J$33,0),AF7) -> -1 | Z18: =IF(AG7>0,MATCH(AG7,K$25:K$33,0),AG7) -> -1 | AA18: =IF(AH7>0,MATCH(AH7,L$25:L$33,0),AH7) -> -1 | AD18: =IF(AD7>0,IFERROR(INDEX(O$13:O$21,MATCH(AD7,O$2:O$10,0))+10,1),0) -> 0 | AE18: =IF(AE7>0,IFERROR(INDEX(P$13:P$21,MATCH(AE7,P$2:P$10,0))+10,1),0) -> 0 | AF18: =IF(AF7>0,IFERROR(INDEX(Q$13:Q$21,MATCH(AF7,Q$2:Q$10,0))+10,1),0) -> 0 | AG18: =IF(AG7>0,IFERROR(INDEX(R$13:R$21,MATCH(AG7,R$2:R$10,0))+10,1),0) -> 0 | AH18: =IF(AH7>0,IFERROR(INDEX(S$13:S$21,MATCH(AH7,S$2:S$10,0))+10,1),0) -> 0
G19: 7 | H19: =IFERROR(INDEX(A$2:A$10,MATCH($G19,O$13:O$21,0)),"") | I19: =IFERROR(INDEX(B$2:B$10,MATCH($G19,P$13:P$21,0)),"") | J19: =IFERROR(INDEX(C$2:C$10,MATCH($G19,Q$13:Q$21,0)),"") | K19: =IFERROR(INDEX(D$2:D$10,MATCH($G19,R$13:R$21,0)),"") | L19: =IFERROR(INDEX(E$2:E$10,MATCH($G19,S$13:S$21,0)),"") | M19: =IFERROR(INDEX(F$2:F$10,MATCH($G19,T$13:T$21,0)),"") | O19: 0 | P19: =IF(B8="",0,IFERROR(INDEX(O$13:O$21,MATCH(B8,A$2:A$10,0)),W19)) -> 0 | Q19: =IF(C8="",0,IFERROR(INDEX(P$13:P$21,MATCH(C8,B$2:B$10,0)),X19)) -> -1 | R19: =IF(D8="",0,IFERROR(INDEX(Q$13:Q$21,MATCH(D8,C$2:C$10,0)),Y19)) -> -1 | S19: =IF(E8="",0,IFERROR(INDEX(R$13:R$21,MATCH(E8,D$2:D$10,0)),Z19)) -> -1 | T19: =IF(F8="",0,IFERROR(INDEX(S$13:S$21,MATCH(F8,E$2:E$10,0)),AA19)) -> -1 | W19: =IF(AD8>0,MATCH(AD8,H$25:H$33,0),AD8) -> -1 | X19: =IF(AE8>0,MATCH(AE8,I$25:I$33,0),AE8) -> -1 | Y19: =IF(AF8>0,MATCH(AF8,J$25:J$33,0),AF8) -> -1 | Z19: =IF(AG8>0,MATCH(AG8,K$25:K$33,0),AG8) -> -1 | AA19: =IF(AH8>0,MATCH(AH8,L$25:L$33,0),AH8) -> -1 | AD19: =IF(AD8>0,IFERROR(INDEX(O$13:O$21,MATCH(AD8,O$2:O$10,0))+10,1),0) -> 0 | AE19: =IF(AE8>0,IFERROR(INDEX(P$13:P$21,MATCH(AE8,P$2:P$10,0))+10,1),0) -> 0 | AF19: =IF(AF8>0,IFERROR(INDEX(Q$13:Q$21,MATCH(AF8,Q$2:Q$10,0))+10,1),0) -> 0 | AG19: =IF(AG8>0,IFERROR(INDEX(R$13:R$21,MATCH(AG8,R$2:R$10,0))+10,1),0) -> 0 | AH19: =IF(AH8>0,IFERROR(INDEX(S$13:S$21,MATCH(AH8,S$2:S$10,0))+10,1),0) -> 0
G20: 8 | H20: =IFERROR(INDEX(A$2:A$10,MATCH($G20,O$13:O$21,0)),"") | I20: =IFERROR(INDEX(B$2:B$10,MATCH($G20,P$13:P$21,0)),"") | J20: =IFERROR(INDEX(C$2:C$10,MATCH($G20,Q$13:Q$21,0)),"") | K20: =IFERROR(INDEX(D$2:D$10,MATCH($G20,R$13:R$21,0)),"") | L20: =IFERROR(INDEX(E$2:E$10,MATCH($G20,S$13:S$21,0)),"") | M20: =IFERROR(INDEX(F$2:F$10,MATCH($G20,T$13:T$21,0)),"") | O20: 0 | P20: =IF(B9="",0,IFERROR(INDEX(O$13:O$21,MATCH(B9,A$2:A$10,0)),W20)) -> 0 | Q20: =IF(C9="",0,IFERROR(INDEX(P$13:P$21,MATCH(C9,B$2:B$10,0)),X20)) -> 0 | R20: =IF(D9="",0,IFERROR(INDEX(Q$13:Q$21,MATCH(D9,C$2:C$10,0)),Y20)) -> -1 | S20: =IF(E9="",0,IFERROR(INDEX(R$13:R$21,MATCH(E9,D$2:D$10,0)),Z20)) -> -1 | T20: =IF(F9="",0,IFERROR(INDEX(S$13:S$21,MATCH(F9,E$2:E$10,0)),AA20)) -> 0 | W20: =IF(AD9>0,MATCH(AD9,H$25:H$33,0),AD9) -> -1 | X20: =IF(AE9>0,MATCH(AE9,I$25:I$33,0),AE9) -> -1 | Y20: =IF(AF9>0,MATCH(AF9,J$25:J$33,0),AF9) -> -1 | Z20: =IF(AG9>0,MATCH(AG9,K$25:K$33,0),AG9) -> -1 | AA20: =IF(AH9>0,MATCH(AH9,L$25:L$33,0),AH9) -> -1 | AD20: =IF(AD9>0,IFERROR(INDEX(O$13:O$21,MATCH(AD9,O$2:O$10,0))+10,1),0) -> 0 | AE20: =IF(AE9>0,IFERROR(INDEX(P$13:P$21,MATCH(AE9,P$2:P$10,0))+10,1),0) -> 0 | AF20: =IF(AF9>0,IFERROR(INDEX(Q$13:Q$21,MATCH(AF9,Q$2:Q$10,0))+10,1),0) -> 0 | AG20: =IF(AG9>0,IFERROR(INDEX(R$13:R$21,MATCH(AG9,R$2:R$10,0))+10,1),0) -> 0 | AH20: =IF(AH9>0,IFERROR(INDEX(S$13:S$21,MATCH(AH9,S$2:S$10,0))+10,1),0) -> 0
G21: 9 | H21: =IFERROR(INDEX(A$2:A$10,MATCH($G21,O$13:O$21,0)),"") | I21: =IFERROR(INDEX(B$2:B$10,MATCH($G21,P$13:P$21,0)),"") | J21: =IFERROR(INDEX(C$2:C$10,MATCH($G21,Q$13:Q$21,0)),"") | K21: =IFERROR(INDEX(D$2:D$10,MATCH($G21,R$13:R$21,0)),"") | L21: =IFERROR(INDEX(E$2:E$10,MATCH($G21,S$13:S$21,0)),"") | M21: =IFERROR(INDEX(F$2:F$10,MATCH($G21,T$13:T$21,0)),"") | O21: 0 | P21: =IF(B10="",0,IFERROR(INDEX(O$13:O$21,MATCH(B10,A$2:A$10,0)),W21)) -> 0 | Q21: =IF(C10="",0,IFERROR(INDEX(P$13:P$21,MATCH(C10,B$2:B$10,0)),X21)) -> 0 | R21: =IF(D10="",0,IFERROR(INDEX(Q$13:Q$21,MATCH(D10,C$2:C$10,0)),Y21)) -> -1 | S21: =IF(E10="",0,IFERROR(INDEX(R$13:R$21,MATCH(E10,D$2:D$10,0)),Z21)) -> 0 | T21: =IF(F10="",0,IFERROR(INDEX(S$13:S$21,MATCH(F10,E$2:E$10,0)),AA21)) -> 0 | W21: =IF(AD10>0,MATCH(AD10,H$25:H$33,0),AD10) -> -1 | X21: =IF(AE10>0,MATCH(AE10,I$25:I$33,0),AE10) -> -1 | Y21: =IF(AF10>0,MATCH(AF10,J$25:J$33,0),AF10) -> -1 | Z21: =IF(AG10>0,MATCH(AG10,K$25:K$33,0),AG10) -> -1 | AA21: =IF(AH10>0,MATCH(AH10,L$25:L$33,0),AH10) -> -1 | AD21: =IF(AD10>0,IFERROR(INDEX(O$13:O$21,MATCH(AD10,O$2:O$10,0))+10,1),0) -> 0 | AE21: =IF(AE10>0,IFERROR(INDEX(P$13:P$21,MATCH(AE10,P$2:P$10,0))+10,1),0) -> 0 | AF21: =IF(AF10>0,IFERROR(INDEX(Q$13:Q$21,MATCH(AF10,Q$2:Q$10,0))+10,1),0) -> 0 | AG21: =IF(AG10>0,IFERROR(INDEX(R$13:R$21,MATCH(AG10,R$2:R$10,0))+10,1),0) -> 0 | AH21: =IF(AH10>0,IFERROR(INDEX(S$13:S$21,MATCH(AH10,S$2:S$10,0))+10,1),0) -> 0
W22: 1 | X22: 2 | Y22: 3 | Z22: 4 | AA22: 5 | AD22: 1 | AE22: 2 | AF22: 3 | AG22: 4 | AH22: 5
P23: 1 | Q23: 2 | R23: 3 | S23: 4 | T23: 5
G24: 下・前日空室探し
G25: 1 | H25: =IF(OR(O2=退所日,H13=""),(COUNTIF(O$2:O2,退所日)+COUNTIF(H$13:H13,""))+100,0) -> 101 | I25: =IF(OR(P2=退所日,I13=""),(COUNTIF(P$2:P2,退所日)+COUNTIF(I$13:I13,""))+100,0) -> 101 | J25: =IF(OR(Q2=退所日,J13=""),(COUNTIF(Q$2:Q2,退所日)+COUNTIF(J$13:J13,""))+100,0) -> 101 | K25: =IF(OR(R2=退所日,K13=""),(COUNTIF(R$2:R2,退所日)+COUNTIF(K$13:K13,""))+100,0) -> #N/A | L25: =IF(OR(S2=退所日,L13=""),(COUNTIF(S$2:S2,退所日)+COUNTIF(L$13:L13,""))+100,0) -> 101 | M25: =IF(OR(T2=退所日,M13=""),(COUNTIF(T$2:T2,退所日)+COUNTIF(M$13:M13,""))+100,0) -> 101
G26: 2 | H26: =IF(OR(O3=退所日,H14=""),(COUNTIF(O$2:O3,退所日)+COUNTIF(H$13:H14,""))+100,0) -> 0 | I26: =IF(OR(P3=退所日,I14=""),(COUNTIF(P$2:P3,退所日)+COUNTIF(I$13:I14,""))+100,0) -> 0 | J26: =IF(OR(Q3=退所日,J14=""),(COUNTIF(Q$2:Q3,退所日)+COUNTIF(J$13:J14,""))+100,0) -> 0 | K26: =IF(OR(R3=退所日,K14=""),(COUNTIF(R$2:R3,退所日)+COUNTIF(K$13:K14,""))+100,0) -> 0 | L26: =IF(OR(S3=退所日,L14=""),(COUNTIF(S$2:S3,退所日)+COUNTIF(L$13:L14,""))+100,0) -> 0 | M26: =IF(OR(T3=退所日,M14=""),(COUNTIF(T$2:T3,退所日)+COUNTIF(M$13:M14,""))+100,0) -> 102
G27: 3 | H27: =IF(OR(O4=退所日,H15=""),(COUNTIF(O$2:O4,退所日)+COUNTIF(H$13:H15,""))+100,0) -> 0 | I27: =IF(OR(P4=退所日,I15=""),(COUNTIF(P$2:P4,退所日)+COUNTIF(I$13:I15,""))+100,0) -> 0 | J27: =IF(OR(Q4=退所日,J15=""),(COUNTIF(Q$2:Q4,退所日)+COUNTIF(J$13:J15,""))+100,0) -> 0 | K27: =IF(OR(R4=退所日,K15=""),(COUNTIF(R$2:R4,退所日)+COUNTIF(K$13:K15,""))+100,0) -> 0 | L27: =IF(OR(S4=退所日,L15=""),(COUNTIF(S$2:S4,退所日)+COUNTIF(L$13:L15,""))+100,0) -> 102 | M27: =IF(OR(T4=退所日,M15=""),(COUNTIF(T$2:T4,退所日)+COUNTIF(M$13:M15,""))+100,0) -> 103
G28: 4 | H28: =IF(OR(O5=退所日,H16=""),(COUNTIF(O$2:O5,退所日)+COUNTIF(H$13:H16,""))+100,0) -> 0 | I28: =IF(OR(P5=退所日,I16=""),(COUNTIF(P$2:P5,退所日)+COUNTIF(I$13:I16,""))+100,0) -> 0 | J28: =IF(OR(Q5=退所日,J16=""),(COUNTIF(Q$2:Q5,退所日)+COUNTIF(J$13:J16,""))+100,0) -> 0 | K28: =IF(OR(R5=退所日,K16=""),(COUNTIF(R$2:R5,退所日)+COUNTIF(K$13:K16,""))+100,0) -> #N/A | L28: =IF(OR(S5=退所日,L16=""),(COUNTIF(S$2:S5,退所日)+COUNTIF(L$13:L16,""))+100,0) -> 103 | M28: =IF(OR(T5=退所日,M16=""),(COUNTIF(T$2:T5,退所日)+COUNTIF(M$13:M16,""))+100,0) -> 104
G29: 5 | H29: =IF(OR(O6=退所日,H17=""),(COUNTIF(O$2:O6,退所日)+COUNTIF(H$13:H17,""))+100,0) -> 0 | I29: =IF(OR(P6=退所日,I17=""),(COUNTIF(P$2:P6,退所日)+COUNTIF(I$13:I17,""))+100,0) -> 0 | J29: =IF(OR(Q6=退所日,J17=""),(COUNTIF(Q$2:Q6,退所日)+COUNTIF(J$13:J17,""))+100,0) -> 0 | K29: =IF(OR(R6=退所日,K17=""),(COUNTIF(R$2:R6,退所日)+COUNTIF(K$13:K17,""))+100,0) -> #N/A | L29: =IF(OR(S6=退所日,L17=""),(COUNTIF(S$2:S6,退所日)+COUNTIF(L$13:L17,""))+100,0) -> 104 | M29: =IF(OR(T6=退所日,M17=""),(COUNTIF(T$2:T6,退所日)+COUNTIF(M$13:M17,""))+100,0) -> 105
G30: 6 | H30: =IF(OR(O7=退所日,H18=""),(COUNTIF(O$2:O7,退所日)+COUNTIF(H$13:H18,""))+100,0) -> 102 | I30: =IF(OR(P7=退所日,I18=""),(COUNTIF(P$2:P7,退所日)+COUNTIF(I$13:I18,""))+100,0) -> 102 | J30: =IF(OR(Q7=退所日,J18=""),(COUNTIF(Q$2:Q7,退所日)+COUNTIF(J$13:J18,""))+100,0) -> 102 | K30: =IF(OR(R7=退所日,K18=""),(COUNTIF(R$2:R7,退所日)+COUNTIF(K$13:K18,""))+100,0) -> #N/A | L30: =IF(OR(S7=退所日,L18=""),(COUNTIF(S$2:S7,退所日)+COUNTIF(L$13:L18,""))+100,0) -> 105 | M30: =IF(OR(T7=退所日,M18=""),(COUNTIF(T$2:T7,退所日)+COUNTIF(M$13:M18,""))+100,0) -> 106
G31: 7 | H31: =IF(OR(O8=退所日,H19=""),(COUNTIF(O$2:O8,退所日)+COUNTIF(H$13:H19,""))+100,0) -> 103 | I31: =IF(OR(P8=退所日,I19=""),(COUNTIF(P$2:P8,退所日)+COUNTIF(I$13:I19,""))+100,0) -> 103 | J31: =IF(OR(Q8=退所日,J19=""),(COUNTIF(Q$2:Q8,退所日)+COUNTIF(J$13:J19,""))+100,0) -> 103 | K31: =IF(OR(R8=退所日,K19=""),(COUNTIF(R$2:R8,退所日)+COUNTIF(K$13:K19,""))+100,0) -> #N/A | L31: =IF(OR(S8=退所日,L19=""),(COUNTIF(S$2:S8,退所日)+COUNTIF(L$13:L19,""))+100,0) -> 106 | M31: =IF(OR(T8=退所日,M19=""),(COUNTIF(T$2:T8,退所日)+COUNTIF(M$13:M19,""))+100,0) -> 107
G32: 8 | H32: =IF(OR(O9=退所日,H20=""),(COUNTIF(O$2:O9,退所日)+COUNTIF(H$13:H20,""))+100,0) -> 104 | I32: =IF(OR(P9=退所日,I20=""),(COUNTIF(P$2:P9,退所日)+COUNTIF(I$13:I20,""))+100,0) -> 104 | J32: =IF(OR(Q9=退所日,J20=""),(COUNTIF(Q$2:Q9,退所日)+COUNTIF(J$13:J20,""))+100,0) -> 104 | K32: =IF(OR(R9=退所日,K20=""),(COUNTIF(R$2:R9,退所日)+COUNTIF(K$13:K20,""))+100,0) -> #N/A | L32: =IF(OR(S9=退所日,L20=""),(COUNTIF(S$2:S9,退所日)+COUNTIF(L$13:L20,""))+100,0) -> 107 | M32: =IF(OR(T9=退所日,M20=""),(COUNTIF(T$2:T9,退所日)+COUNTIF(M$13:M20,""))+100,0) -> 108
G33: 9 | H33: =IF(OR(O10=退所日,H21=""),(COUNTIF(O$2:O10,退所日)+COUNTIF(H$13:H21,""))+100,0) -> 105 | I33: =IF(OR(P10=退所日,I21=""),(COUNTIF(P$2:P10,退所日)+COUNTIF(I$13:I21,""))+100,0) -> 105 | J33: =IF(OR(Q10=退所日,J21=""),(COUNTIF(Q$2:Q10,退所日)+COUNTIF(J$13:J21,""))+100,0) -> 105 | K33: =IF(OR(R10=退所日,K21=""),(COUNTIF(R$2:R10,退所日)+COUNTIF(K$13:K21,""))+100,0) -> #N/A | L33: =IF(OR(S10=退所日,L21=""),(COUNTIF(S$2:S10,退所日)+COUNTIF(L$13:L21,""))+100,0) -> 108 | M33: =IF(OR(T10=退所日,M21=""),(COUNTIF(T$2:T10,退所日)+COUNTIF(M$13:M21,""))+100,0) -> 109
I34: 1 | J34: 2 | K34: 3 | L34: 4 | M34: 5

Sheet 【帳票】予定一覧表
B1: 泊 | C1: =【入力】調整表!E$3 -> 9 | D1: =【入力】調整表!F$3 -> 10 | E1: =【入力】調整表!G$3 -> 10 | F1: =【入力】調整表!H$3 -> 9 | G1: =【入力】調整表!I$3 -> 9 | H1: =【入力】調整表!J$3 -> 10 | I1: =【入力】調整表!K$3 -> 10 | J1: =【入力】調整表!L$3 -> 10 | ... AG1: =【入力】調整表!AI$3 -> 8
B2: 通 | C2: =【入力】調整表!E$4 -> 19 | D2: =【入力】調整表!F$4 -> 20 | E2: =【入力】調整表!G$4 -> 19 | F2: =【入力】調整表!H$4 -> 18 | G2: =【入力】調整表!I$4 -> 18 | H2: =【入力】調整表!J$4 -> 20 | I2: =【入力】調整表!K$4 -> 15 | J2: =【入力】調整表!L$4 -> 19 | ... AG2: =【入力】調整表!AI$4 -> 18 | AN2: 1 | AO2: 2 | AP2: 3 | AQ2: 4 | AR2: 5 | AS2: 6 | AT2: 7 | AU2: 8 | AV2: 9 | AW2: 10 | AX2: 11 | AY2: 12 | AZ2: 13 | BA2: 14 | BB2: 15 | BC2: 16 | BD2: 17 | BE2: 18 | BF2: 19 | BG2: 20 | BH2: 21 | BI2: 22 | BJ2: 23 | BK2: 24 | BL2: 25 | BM2: 26 | BN2: 27 | BO2: 28 | BP2: 29 | BQ2: 30 | BR2: 31
B3: 訪 | C3: =【入力】調整表!E$5 -> 17 | D3: =【入力】調整表!F$5 -> 16 | E3: =【入力】調整表!G$5 -> 14 | F3: =【入力】調整表!H$5 -> 18 | G3: =【入力】調整表!I$5 -> 14 | H3: =【入力】調整表!J$5 -> 12 | I3: =【入力】調整表!K$5 -> 9 | J3: =【入力】調整表!L$5 -> 16 | ... AG3: =【入力】調整表!AI$5 -> 14
